7,5,0,0,1,0,0,0,0,0,0,0,0,0,0,0,0,0,1,0,0,0.871,0.0865,0.1013,0.0909,0.1929,0.4235,0.7,0
7,4,0,0,0,0,0,0,0,0,0,1,0,0,0,1,0,0,0,0,0,0.9277,0.1182,0.7754,0.1194,0.508,0.2118,0.0556,0
7,4,0,0,0,0,0,0,0,0,0,1,0,0,0,0,0,0,0,1,0,0.9277,0.1468,0.7963,0.1194,0.3987,0.2118,0.1,0
8,6,0,0,1,0,0,0,0,0,0,0,0,0,0,0,0,0,1,0,0,0.9419,0.111,0.0816,0.1604,0.1961,0.9647,0.4,0.0313
8,6,0,0,1,0,0,0,0,0,0,0,0,0,0,0,0,0,0,0,1,0.911,0.173,0.1106,0.1711,0.2958,0.9882,0.1556,0
8,6,0,0,0,0,0,0,0,1,0,0,0,0,0,0,0,0,0,0,1,0.9497,0.2901,0.563,0.262,0.6431,0.1647,0.5556,0
8,6,0,0,0,0,0,0,0,1,0,0,0,0,1,0,0,0,0,0,0,0.9497,0.3025,0.5719,0.1515,0.7042,0.1412,0.3,0
8,6,0,0,0,0,0,0,0,1,0,0,0,0,1,0,0,0,0,0,0,0.9394,0.4972,0.704,0.1907,0.1865,0.8353,0.2,0
8,6,0,0,0,0,0,0,0,0,1,0,0,0,0,1,0,0,0,0,0,0.9329,0.4425,0.803,0.1248,0.3505,0.5647,0.5556,0
7,5,0,0,0,0,0,0,0,0,1,0,0,0,0,0,0,0,0,1,0,0.9523,0.2994,0.81,0.1266,0.6624,0.2941,0.4,0
7,5,0,0,0,0,0,0,0,0,1,0,0,0,0,0,0,0,0,1,0,0.9523,0.2994,0.81,0.1266,0.5016,0.4235,0.7556,0
7,5,0,0,0,0,0,0,0,0,1,0,0,0,0,0,0,0,0,1,0,0.9561,0.2484,0.8269,0.4029,0.5498,0.2706,0.4,0
6,5,0,0,0,0,0,0,0,1,0,0,0,0,0,0,0,0,1,0,0,0.5781,0.2402,0.771,0.0143,0.4759,0.6706,0.7,0
6,5,0,0,0,0,0,0,0,0,1,0,0,0,1,0,0,0,0,0,0,0.9316,0.4321,0.7958,0.1248,0.6141,0.3176,0.2,0
6,5,0,0,0,0,0,0,0,0,1,0,0,0,0,0,1,0,0,0,0,0.9574,0.4555,0.8112,0.164,0.7781,0.0706,0.4556,0
6,5,0,0,0,0,0,0,0,0,1,0,0,0,0,0,0,0,1,0,0,0.9626,0.4828,0.828,0.2478,0.6656,0.3412,0.5556,0
5,5,0,0,1,0,0,0,0,0,0,0,0,0,0,0,0,0,0,1,0,0.9419,0.1196,0.0855,0.139,0.4148,0.1412,0.5556,0
8,5,0,0,0,0,0,0,0,0,0,1,0,0,1,0,0,0,0,0,0,0.8542,0.1092,0.7697,0.0535,0.4662,0.3765,0.5,0
6,4,0,0,1,0,0,0,0,0,0,0,0,0,0,0,1,0,0,0,0,0.9097,0.0924,0.0738,0.1123,0.4405,0.2353,0.4,0
6,4,0,0,0,1,0,0,0,0,0,0,0,0,0,0,0,0,0,1,0,0.8723,0.0906,0.1046,0.0909,0.2283,0.3412,0.4556,0
6,4,0,0,0,0,0,0,0,0,1,0,0,0,0,1,0,0,0,0,0,0.9329,0.4425,0.803,0.1248,0.5177,0.2941,0.2556,0
5,4,0,0,0,0,0,0,0,0,1,0,0,0,1,0,0,0,0,0,0,0.9432,0.2667,0.8402,0.164,0.5434,0.2706,0.2556,0
7,4,0,0,0,0,0,1,0,0,0,0,0,0,0,0,0,0,0,0,1,0.9755,0.328,0.2253,1,0.6045,0.3412,0.4556,0
7,4,0,0,0,0,0,0,0,1,0,0,0,0,0,0,0,0,0,1,0,0.9226,0.3784,0.621,0.1105,0.5563,0.3294,0.6,0
7,4,0,0,0,0,0,0,0,1,0,0,0,0,0,0,0,0,0,1,0,0.9652,0.4766,0.6876,0.3619,0.6913,0.2,0.6,0
7,4,0,0,0,0,0,0,0,1,0,0,0,0,0,0,0,0,0,0,1,0.9381,0.4869,0.696,0.1889,0.4534,0.5294,0.5556,0
7,4,0,0,0,0,0,0,0,0,1,0,0,0,0,0,0,0,1,0,0,0.951,0.4025,0.7741,0.2175,0.5402,0.2235,0.6,0
7,4,0,0,0,0,0,0,0,0,1,0,0,0,1,0,0,0,0,0,0,0.9316,0.4321,0.7958,0.1248,0.5531,0.3882,0.1,0
6,3,0,0,0,0,0,0,0,0,1,0,0,0,0,0,0,0,0,1,0,0.9639,0.4972,0.8368,0.1444,0.9003,0.1059,0.2556,0
6,3,0,0,0,0,0,0,0,0,1,0,0,0,0,0,0,0,0,0,1,0.9652,0.5107,0.8452,0.1444,0.6624,0.2824,0.3556,0
6,3,0,0,0,0,0,0,0,0,1,0,0,0,0,0,0,0,1,0,0,0.9755,0.2895,0.8026,0.2834,0.746,0.1059,0.3556,0
6,3,0,0,0,0,0,0,0,0,1,0,0,0,1,0,0,0,0,0,0,0.9019,0.3125,0.8233,0.1266,0.2894,0.7412,0.8,0
6,3,0,0,0,0,0,0,0,0,1,0,0,0,0,0,0,0,1,0,0,0.9019,0.2364,0.8196,0.1034,0.5916,0.2588,0.1556,0
6,3,0,0,0,0,0,0,0,0,1,0,0,0,0,0,0,0,0,0,1,0.9419,0.2567,0.8331,0.139,0.4984,0.2824,0.3556,0
6,3,0,0,0,0,0,0,0,0,1,0,0,0,1,0,0,0,0,0,0,0.9432,0.2667,0.8402,0.164,0.6109,0.2,0.2556,0
6,3,0,0,0,0,0,0,0,0,1,0,0,0,0,1,0,0,0,0,0,0.9239,0.2743,0.8471,0.1123,0.5145,0.5529,0.4556,0
6,3,0,0,0,0,0,0,0,0,0,1,0,0,0,1,0,0,0,0,0,0.9277,0.1182,0.7754,0.1194,0.627,0.1059,0.4556,0
7,4,0,0,0,0,0,0,0,0,0,1,0,0,0,0,0,0,1,0,0,0.92,0.1392,0.7913,0.1551,0.2926,0.5294,0.5556,0
7,3,0,0,0,0,0,0,0,0,0,1,0,0,0,0,0,0,0,1,0,0.9277,0.1468,0.7963,0.1194,0.5016,0.1412,0.4,0
4,4,0,0,1,0,0,0,0,0,0,0,0,0,0,1,0,0,0,0,0,0.8955,0.0848,0.07,0.0677,0.3826,0.3294,0.2556,0
4,4,0,0,0,0,0,0,1,0,0,0,0,0,0,1,0,0,0,0,0,0.7845,0.205,0.4208,0.0267,0.6785,0.2588,0.3,0
4,4,0,0,0,0,0,0,0,1,0,0,0,0,0,0,0,0,0,1,0,0.9226,0.3301,0.7228,0.1586,0.5209,0.3176,0.7,0
4,4,0,0,0,0,0,0,0,1,0,0,0,0,0,1,0,0,0,0,0,0.9819,0.3694,0.7496,0.303,0.463,0.4588,0.5556,0
4,4,0,0,0,0,0,0,0,0,1,0,0,0,0,0,0,0,0,1,0,0.9523,0.2994,0.81,0.1266,0.5595,0.3882,0.2556,0
4,4,0,0,0,0,0,0,0,0,1,0,0,0,0,0,1,0,0,0,0,0.9213,0.2819,0.8535,0.1105,0.3441,0.6941,0.5,0
5,6,0,0,0,0,0,0,0,0,1,0,0,0,0,0,1,0,0,0,0,0.9755,0.2895,0.8026,0.2834,0.7621,0.1059,0.4,0
5,6,0,0,0,0,0,0,0,0,1,0,0,0,1,0,0,0,0,0,0,0.9316,0.4321,0.7958,0.1248,0.4019,0.6471,0.3556,0
6,6,0,0,0,0,0,0,1,0,0,0,0,0,1,0,0,0,0,0,0,0.9742,0.2109,0.5101,0.1961,0.6688,0.2471,0.3,0
4,4,0,0,1,0,0,0,0,0,0,0,0,0,1,0,0,0,0,0,0,0.8839,0.0786,0.0666,0.0731,0.3087,0.2353,0.1556,0
4,4,0,0,1,0,0,0,0,0,0,0,0,0,1,0,0,0,0,0,0,0.889,0.1761,0.1125,0.0891,0.283,0.3647,0.6,0
4,4,0,0,0,0,0,0,0,0,1,0,0,0,0,0,0,1,0,0,0,0.9574,0.4683,0.8192,0.164,0.5981,0.0235,0.1,0
4,3,0,0,0,0,0,0,0,1,0,0,0,0,0,0,0,0,0,0,1,0.9226,0.3394,0.731,0.1123,0.6206,0.2235,0.2,0
4,3,0,0,0,0,0,0,0,1,0,0,0,0,0,0,1,0,0,0,0,0.9471,0.3794,0.7578,0.1711,0.5852,0.3176,0.5,0
4,3,0,0,0,0,0,0,0,1,0,0,0,0,0,0,1,0,0,0,0,0.9471,0.3794,0.7578,0.1711,0.5852,0.3176,0.5,0
4,3,0,0,0,0,0,0,0,1,0,0,0,0,0,0,0,1,0,0,0,0.9419,0.3901,0.7663,0.1123,0.4952,0.3529,0.3556,0
4,3,0,0,0,0,0,0,0,0,1,0,0,0,0,0,0,1,0,0,0,0.9574,0.4683,0.8192,0.164,0.8199,0.1059,0.2,0
4,3,0,0,0,0,0,0,0,0,1,0,0,0,0,1,0,0,0,0,0,0.9239,0.2743,0.8471,0.1123,0.5016,0.5647,0.5,0
4,3,0,0,0,0,0,0,0,0,0,1,0,0,0,0,0,0,0,0,1,0.9535,0.1564,0.802,0.1569,0.373,0.4118,0.2556,0
2,2,0,1,0,0,0,0,0,0,0,0,0,0,1,0,0,0,0,0,0,0.8426,0.0283,0.0306,0.0374,0.3762,0.2941,0.5556,0
2,2,0,1,0,0,0,0,0,0,0,0,0,0,0,0,0,0,1,0,0,0.8761,0.0417,0.0412,0.0945,0.3248,0.4235,0.0556,0
2,2,0,0,1,0,0,0,0,0,0,0,0,0,0,0,0,0,0,0,1,0.911,0.173,0.1106,0.1711,0.299,0.2824,0.6,0
2,2,0,0,1,0,0,0,0,0,0,0,0,0,0,0,0,0,0,0,1,0.911,0.173,0.1106,0.1711,0.1061,0.5176,0.6556,0
2,2,0,0,0,0,0,0,0,1,0,0,0,0,0,0,0,1,0,0,0,0.9587,0.2557,0.5379,0.1373,0.5338,0.2353,0.5,0
2,2,0,0,0,0,0,0,0,1,0,0,0,0,0,0,0,0,0,0,1,0.9226,0.3394,0.731,0.1123,0.5981,0.2118,0.2556,0
2,2,0,0,0,0,0,0,0,1,0,0,0,0,1,0,0,0,0,0,0,0.9342,0.3518,0.7399,0.1034,0.672,0.1882,0.3,0
2,2,0,0,0,0,0,0,0,1,0,0,0,0,0,0,0,1,0,0,0,0.9419,0.3901,0.7663,0.1123,0.5273,0.3412,0.4556,0
2,2,0,0,0,0,0,0,0,0,1,0,0,0,0,0,0,0,1,0,0,0.951,0.4025,0.7741,0.2175,0.6688,0.2588,0.4556,0
2,2,0,0,0,0,0,0,0,0,1,0,0,0,0,0,0,0,1,0,0,0.951,0.4025,0.7741,0.2175,0.5595,0.2118,0.5556,0
2,2,0,0,0,0,0,0,0,0,1,0,0,0,0,0,0,0,1,0,0,0.951,0.4025,0.7741,0.2175,0.5595,0.2118,0.6556,0
4,5,0,0,1,0,0,0,0,0,0,0,0,0,0,0,0,0,1,0,0,0.9419,0.111,0.0816,0.1604,0.4823,0.1294,0.4556,0
4,5,0,0,1,0,0,0,0,0,0,0,0,0,0,0,0,0,1,0,0,0.9355,0.1626,0.1054,0.2228,0.4373,0.1412,0.8,0
4,5,0,0,0,0,0,0,0,0,1,0,0,0,0,0,0,0,1,0,0,0.9755,0.2895,0.8026,0.2834,0.4984,0.2588,0.3556,0
5,4,0,0,1,0,0,0,0,0,0,0,0,0,0,0,0,0,1,0,0,0.9419,0.111,0.0816,0.1604,0.4309,0.1176,0.6556,0
5,4,0,0,0,0,0,0,0,1,0,0,0,0,0,1,0,0,0,0,0,0.9045,0.5038,0.7114,0.1604,0.4855,0.3294,0.4556,0
5,4,0,0,0,0,0,0,0,0,1,0,0,0,0,0,0,0,1,0,0,0.9626,0.4828,0.828,0.2478,0.8167,0.1765,0.1,0
9,9,0,1,0,0,0,0,0,0,0,0,0,0,0,0,0,1,0,0,0,0.8452,0.0196,0.0219,0.1373,0.1447,0.7529,0.3,0
9,9,0,1,0,0,0,0,0,0,0,0,0,0,0,0,0,0,1,0,0,0.8761,0.0417,0.0412,0.0945,0.4341,0.3294,0.3,0
1,3,0,0,1,0,0,0,0,0,0,0,0,0,1,0,0,0,0,0,0,0.889,0.1761,0.1125,0.0891,0.1961,0.6706,0.3,0
1,2,0,0,0,0,0,0,0,1,0,0,0,0,0,0,0,0,1,0,0,0.9213,0.3684,0.6121,0.2228,0.4019,0.6,0.2556,0
1,2,0,0,0,0,0,0,0,1,0,0,0,0,0,1,0,0,0,0,0,0.9329,0.4139,0.6493,0.1248,0.6238,0.0471,0.7,0
1,2,0,0,0,0,0,0,0,1,0,0,0,0,0,0,0,0,0,0,1,0.9381,0.4869,0.696,0.1889,0.5563,0.2824,0.6556,0
1,2,0,0,0,0,0,0,0,1,0,0,0,0,0,0,0,0,0,0,1,0.9226,0.3394,0.731,0.1123,0.5048,0.3412,0.2,0
1,2,0,0,0,0,0,0,0,1,0,0,0,0,0,1,0,0,0,0,0,0.9819,0.3694,0.7496,0.303,0.5273,0.4235,0.4556,0
1,2,0,0,0,0,0,0,0,1,0,0,0,0,0,0,1,0,0,0,0,0.9471,0.3794,0.7578,0.1711,0.463,0.3765,0.0556,0
1,2,0,0,0,0,0,0,0,1,0,0,0,0,0,0,0,1,0,0,0,0.9419,0.3901,0.7663,0.1123,0.5788,0.3529,0.3556,0
1,2,0,0,0,0,0,0,0,0,1,0,0,0,0,0,0,1,0,0,0,0.9574,0.4683,0.8192,0.164,0.6206,0,0.0556,0
1,2,0,0,0,0,0,0,0,0,1,0,0,0,0,0,0,1,0,0,0,0.9574,0.4683,0.8192,0.164,0.746,0.1412,0.2,0
1,2,0,0,0,0,0,0,0,0,1,0,0,0,0,0,0,1,0,0,0,0.9574,0.4683,0.8192,0.164,0.6495,0.2235,0.2,0
1,2,0,0,0,0,0,0,0,0,1,0,0,0,0,0,0,0,0,0,1,0.9652,0.5107,0.8452,0.1444,0.7428,0.2471,0.3556,0
6,5,0,0,1,0,0,0,0,0,0,0,0,0,0,0,0,0,0,1,0,0.9419,0.1196,0.0855,0.139,0.4887,0.1176,0.5,0
6,5,0,0,0,0,0,0,0,1,0,0,0,0,0,0,0,0,0,1,0,0.9226,0.3301,0.7228,0.1586,0.4019,0.5176,0.6,0
8,6,0,0,1,0,0,0,0,0,0,0,0,0,0,0,0,0,1,0,0,0.9419,0.1196,0.0855,0.139,0.4887,0.1059,0.5556,0
8,6,0,0,0,0,0,0,0,1,0,0,0,0,0,0,0,0,0,0,1,0.9497,0.2901,0.563,0.262,0.5981,0.2,0.6556,0
8,6,0,0,0,0,0,0,0,1,0,0,0,0,0,0,0,0,0,0,1,0.9381,0.4869,0.696,0.1889,0.5145,0.3294,0.5,0
8,6,0,0,0,0,0,0,0,1,0,0,0,0,1,0,0,0,0,0,0,0.9342,0.3518,0.7399,0.1034,0.6817,0.0824,0.2556,0
4,4,0,0,0,0,0,0,0,0,1,0,0,0,0,0,0,0,0,0,1,0.9161,0.3063,0.8168,0.0856,0.5016,0.5765,0.1,0
3,4,0,1,0,0,0,0,0,0,0,0,0,0,0,0,0,0,0,1,0,0.8413,0.0238,0.0262,0.0463,0.3376,0.3882,0.1556,0
3,4,0,0,1,0,0,0,0,0,0,0,0,0,0,0,0,0,0,1,0,0.649,0.0045,0.0089,0.0125,0.4887,0.1059,0.5556,0
3,4,0,0,0,0,0,0,0,1,0,0,0,0,0,0,0,0,0,0,1,0.9381,0.4869,0.696,0.1889,0.3023,0.8471,0.4556,0
3,4,0,0,0,0,0,0,0,1,0,0,0,0,0,0,0,0,0,0,1,0.9381,0.4869,0.696,0.1889,0.5659,0.2824,0.5556,0
3,4,0,0,0,0,0,0,0,1,0,0,0,0,0,0,0,0,0,0,1,0.9381,0.4869,0.696,0.1889,0.5659,0.2824,0.5556,0
3,4,0,0,0,0,0,0,0,1,0,0,0,0,0,1,0,0,0,0,0,0.9045,0.5038,0.7114,0.1604,0.3923,0.6,0.5556,0
2,4,0,0,0,0,0,0,0,1,0,0,0,0,0,1,0,0,0,0,0,0.9819,0.3694,0.7496,0.303,0.5756,0.2941,0.4,0
2,4,0,0,0,0,0,0,0,0,1,0,0,0,0,0,0,0,0,1,0,0.9523,0.4135,0.7816,0.1533,0.7042,0.1647,0.4556,0
2,4,1,0,0,0,0,0,0,0,0,0,0,0,0,0,0,0,0,1,0,0.8181,0.009,0.0016,0.0517,0.0997,0.7412,0.3,0
4,5,0,0,1,0,0,0,0,0,0,0,0,0,0,0,0,0,1,0,0,0.8671,0.0634,0.0579,0.0499,0.3376,0.4353,0.6556,0
4,5,0,0,1,0,0,0,0,0,0,0,0,0,0,0,0,1,0,0,0,0.9381,0.102,0.0779,0.1337,0.5145,0.1647,0.3,0
4,5,0,0,0,0,0,0,0,1,0,0,0,0,0,0,0,0,0,0,1,0.9226,0.3394,0.731,0.1123,0.6174,0.2118,0.3,0
4,5,0,0,0,0,0,0,0,0,1,0,0,0,0,0,0,0,0,1,0,0.9523,0.2994,0.81,0.1266,0.582,0.3529,0.3,0
4,5,0,0,0,0,0,0,0,0,1,0,0,0,1,0,0,0,0,0,0,0.9019,0.3125,0.8233,0.1266,0.4887,0.4824,0.5556,0
4,4,0,0,1,0,0,0,0,0,0,0,0,0,0,0,0,0,1,0,0,0.8671,0.0634,0.0579,0.0499,0.3698,0.3294,0.6,0
3,4,0,0,1,0,0,0,0,0,0,0,0,0,0,0,0,0,1,0,0,0.9419,0.111,0.0816,0.1604,0.5338,0.0353,0.4556,0
3,4,0,0,0,0,0,0,0,0,1,0,0,0,0,0,0,0,0,0,1,0.9161,0.3063,0.8168,0.0856,0.6624,0.2824,0.3556,0
3,4,0,0,0,0,0,0,0,0,1,0,0,0,1,0,0,0,0,0,0,0.9432,0.2667,0.8402,0.164,0.537,0.2353,0.2556,0
3,4,0,0,1,0,0,0,0,0,0,0,0,0,0,1,0,0,0,0,0,0.8955,0.0848,0.07,0.0677,0.4373,0.1412,0.8,0
3,5,0,0,1,0,0,0,0,0,0,0,0,0,0,1,0,0,0,0,0,0.8955,0.0848,0.07,0.0677,0.4277,0.1412,0.6556,0
3,4,0,0,1,0,0,0,0,0,0,0,0,0,0,0,0,0,0,1,0,0.9419,0.1196,0.0855,0.139,0.3023,0.1765,0.6556,0
3,4,0,0,1,0,0,0,0,0,0,0,0,0,0,0,0,0,0,1,0,0.9419,0.1196,0.0855,0.139,0.418,0.1412,0.5,0
3,4,0,0,1,0,0,0,0,0,0,0,0,0,1,0,0,0,0,0,0,0.9213,0.133,0.0923,0.1105,0.2701,0.1765,0.4,0
3,4,0,0,0,0,0,0,0,1,0,0,0,0,0,0,0,1,0,0,0,0.9587,0.2557,0.5379,0.1373,0.5595,0.2471,0.3,0
3,4,0,0,0,0,0,0,0,1,0,0,0,0,1,0,0,0,0,0,0,0.9394,0.4972,0.704,0.1907,0.2605,0.6941,0.2,0
3,4,0,0,0,0,0,0,0,1,0,0,0,0,1,0,0,0,0,0,0,0.9394,0.4972,0.704,0.1907,0.4791,0.3294,0.5556,0
3,4,0,0,0,0,0,0,0,0,1,0,0,0,0,0,0,0,0,0,1,0.951,0.4238,0.789,0.1515,0.6527,0.3176,0.5556,0
3,4,0,0,0,0,0,0,0,0,1,0,0,0,0,1,0,0,0,0,0,0.8477,0.2491,0.7787,0.057,0.5048,0.3529,0.3,0
3,4,0,0,0,0,0,0,0,0,1,0,0,0,0,0,0,0,1,0,0,0.9755,0.2895,0.8026,0.2834,0.5659,0.4118,0.5556,0
3,4,0,0,0,0,0,0,0,0,0,1,0,0,0,0,0,0,0,0,1,0.9535,0.1564,0.802,0.1569,0.5916,0.1059,0.5556,0
3,5,0,0,1,0,0,0,0,0,0,0,0,0,1,0,0,0,0,0,0,0.889,0.1761,0.1125,0.0891,0.2186,0.4,0.2,0
3,5,0,0,0,0,0,0,0,0,1,0,0,0,0,0,0,0,1,0,0,0.9652,0.5107,0.8452,0.1444,0.4823,0.3294,0.3,0
3,5,0,0,0,0,0,0,0,0,0,1,0,0,0,0,1,0,0,0,0,0.9381,0.1268,0.7809,0.0927,0.4405,0.3647,0.3556,0
2,5,0,0,0,0,0,0,0,0,0,1,0,0,0,0,0,0,0,0,1,0.9535,0.1564,0.802,0.1569,0.4244,0.2353,0.0556,0
4,6,0,1,0,0,0,0,0,0,0,0,0,0,0,0,0,0,0,1,0,0.6387,0.0703,0.093,0.0143,0.4244,0.2941,0.2556,0
4,6,0,0,1,0,0,0,0,0,0,0,0,0,1,0,0,0,0,0,0,0.8839,0.0786,0.0666,0.0731,0.3794,0.2824,0.3,0
4,6,0,0,1,0,0,0,0,0,0,0,0,0,0,0,0,0,0,0,1,0.911,0.173,0.1106,0.1711,0.2701,0.3647,0.5,0
4,6,0,0,0,0,0,0,0,0,1,0,0,0,0,0,0,1,0,0,0,0.9677,0.275,0.7943,0.3191,0.4952,0.3176,0.3,0
3,5,0,0,1,0,0,0,0,0,0,0,0,0,0,1,0,0,0,0,0,0.8955,0.0848,0.07,0.0677,0.4084,0.2706,0.2556,0
3,5,0,0,0,0,0,0,0,1,0,0,0,0,0,0,0,0,0,1,0,0.9652,0.4766,0.6876,0.3619,0.4952,0.4353,0.6,0
3,6,0,0,0,0,0,0,0,0,1,0,0,0,0,0,0,0,0,0,1,0.951,0.4238,0.789,0.1515,0.4823,0.5059,0.1,0
3,6,0,0,0,0,0,0,0,0,1,0,0,0,1,0,0,0,0,0,0,0.9316,0.4321,0.7958,0.1248,0.4309,0.6,0.3,0
9,9,0,0,0,0,0,0,1,0,0,0,0,0,0,1,0,0,0,0,0,0.8658,0.1626,0.3583,0.0695,0.508,0.3176,0.2556,0
1,4,0,0,0,0,0,0,0,0,1,0,0,0,0,1,0,0,0,0,0,0.9329,0.4425,0.803,0.1248,0.627,0.2706,0.2,0
2,5,0,0,0,0,0,0,0,0,1,0,0,0,1,0,0,0,0,0,0,0.9316,0.4321,0.7958,0.1248,0.6334,0.2824,0.1556,0
1,2,0,0,0,0,0,0,0,1,0,0,0,0,0,0,1,0,0,0,0,0.991,0.3405,0.5927,0.2353,0.6785,0.1882,0.4556,0
8,6,0,0,0,0,0,0,0,1,0,0,0,0,0,0,0,0,1,0,0,0.9213,0.3684,0.6121,0.2228,0.6109,0.4235,0.9444,0
1,2,0,0,0,0,0,0,1,0,0,0,0,0,0,0,0,0,0,1,0,0.92,0.173,0.3382,0.1551,0.463,0.4471,0.5556,0
2,5,0,0,0,0,0,0,0,1,0,0,0,0,0,0,1,0,0,0,0,0.991,0.3405,0.5927,0.2353,0.6945,0.2,0.5556,0
6,5,0,0,0,0,0,0,0,1,0,0,0,0,0,0,0,1,0,0,0,0.9871,0.45,0.6695,0.1854,0.8103,0.0824,0.4,0
5,4,0,0,1,0,0,0,0,0,0,0,0,0,1,0,0,0,0,0,0,0.9213,0.133,0.0923,0.1105,0.3537,0.2941,0.5556,0
8,3,0,0,0,0,0,0,0,0,1,0,0,0,0,1,0,0,0,0,0,0.8477,0.2491,0.7787,0.057,0.7074,0.1529,0.3556,0
2,2,0,0,0,0,0,0,0,1,0,0,0,0,0,1,0,0,0,0,0,0.9819,0.3694,0.7496,0.303,0.4887,0.3294,0.7,0
8,6,0,0,0,0,0,0,0,0,1,0,0,0,0,0,0,1,0,0,0,0.9677,0.275,0.7943,0.3191,0.6913,0.1176,0.4556,0
6,5,0,0,0,0,0,1,0,0,0,0,0,0,0,0,0,0,1,0,0,0.9523,0.1906,0.4989,0.1266,0.6752,0.2824,0.5556,0
9,9,0,0,0,0,0,0,1,0,0,0,0,0,0,0,0,0,0,0,1,0.9213,0.2326,0.4073,0.1283,0.7267,0.1647,0.2,0
3,4,0,0,0,0,0,0,1,0,0,0,0,0,0,0,0,0,0,1,0,0.9213,0.1726,0.4881,0.1105,0.7203,0.3294,0.1556,0
5,4,0,0,0,0,0,0,0,0,1,0,0,0,0,0,0,0,1,0,0,0.9755,0.2895,0.8026,0.2834,0.5756,0.3765,0.5,0
1,5,0,0,0,0,0,0,0,0,1,0,0,0,0,0,0,0,0,1,0,0.9639,0.4972,0.8368,0.1444,0.881,0.1412,0.2556,0
7,4,0,0,0,0,0,0,0,1,0,0,0,0,0,0,0,0,0,0,1,0.9819,0.3694,0.7496,0.303,0.4566,0.3765,0.1,0
2,4,0,0,0,0,0,0,0,0,1,0,0,0,0,0,0,0,0,1,0,0.9639,0.4972,0.8368,0.1444,0.8489,0.1412,0.2,0
2,2,0,0,0,0,0,0,0,1,0,0,0,0,0,0,1,0,0,0,0,0.9471,0.3794,0.7578,0.1711,0.5209,0.3529,0.3556,0
2,4,0,0,0,0,0,0,0,1,0,0,0,0,0,0,1,0,0,0,0,0.9471,0.3794,0.7578,0.1711,0.5884,0.2353,0.4,0
7,4,0,0,0,0,0,0,0,0,1,0,0,0,0,0,0,0,1,0,0,0.951,0.4025,0.7741,0.2175,0.5402,0.2235,0.6,0
7,4,0,0,1,0,0,0,0,0,0,0,0,0,1,0,0,0,0,0,0,0.9213,0.133,0.0923,0.1105,0.4469,0.1647,0.3,0
6,4,0,0,0,0,0,0,0,1,0,0,0,0,0,0,0,1,0,0,0,0.9871,0.45,0.6695,0.1854,0.582,0.3059,0.4,0
6,3,0,0,1,0,0,0,0,0,0,0,0,0,0,0,0,0,0,1,0,0.9277,0.1688,0.1085,0.139,0.418,0.1882,0.9,0
8,6,0,0,0,0,0,0,0,0,1,0,0,0,0,0,0,0,0,1,0,0.9523,0.4135,0.7816,0.1533,0.5016,0.4824,0.1556,0
8,5,0,0,0,0,0,0,0,0,1,0,0,0,0,0,0,0,0,0,1,0.9161,0.3063,0.8168,0.0856,0.5016,0.6118,0.2,0
6,5,0,0,1,0,0,0,0,0,0,0,0,0,0,0,0,1,0,0,0,0.8542,0.0589,0.0552,0.0535,0.0997,0.6471,0.4556,0
6,5,0,0,0,0,0,0,0,1,0,0,0,0,0,0,1,0,0,0,0,0.9471,0.3794,0.7578,0.1711,0.463,0.3765,0.0556,0
6,5,0,0,0,0,0,0,0,1,0,0,0,0,0,0,1,0,0,0,0,0.9974,0.4342,0.6598,0.2941,0.6817,0.2118,0.4556,0
6,5,0,0,1,0,0,0,0,0,0,0,0,0,0,0,0,0,1,0,0,0.9355,0.1626,0.1054,0.2228,0.3987,0.1294,1,0
8,6,0,0,0,0,0,0,0,1,0,0,0,0,0,0,0,1,0,0,0,0.9871,0.45,0.6695,0.1854,0.5949,0.3529,0.2,0
5,4,0,0,0,0,0,0,0,0,1,0,0,0,0,0,1,0,0,0,0,0.9574,0.4555,0.8112,0.164,0.6334,0.2353,0.1556,0
8,6,0,0,0,0,0,0,0,1,0,0,0,0,0,0,1,0,0,0,0,0.8632,0.3077,0.7056,0.1176,0.4887,0.4118,0.4,0
7,4,0,0,0,0,0,0,0,1,0,0,0,0,0,0,0,0,0,0,1,0.9381,0.4869,0.696,0.1889,0.5756,0.2824,0.5556,0
4,4,0,0,0,0,0,0,0,0,1,0,0,0,1,0,0,0,0,0,0,0.9316,0.4321,0.7958,0.1248,0.4984,0.2824,0.2,0
1,4,0,0,0,0,0,0,0,1,0,0,0,0,0,0,0,0,0,1,0,0.9226,0.3301,0.7228,0.1586,0.3859,0.4471,0.1556,0
1,4,0,0,0,0,0,0,0,1,0,0,0,0,0,0,0,0,0,1,0,0.9226,0.3301,0.7228,0.1586,0.582,0.2824,0.5,0
6,5,0,0,0,1,0,0,0,0,0,0,0,0,0,0,0,1,0,0,0,0.8103,0.0276,0.0555,0.0481,0.1158,0.4588,0.6,0
2,5,0,0,0,0,0,0,0,1,0,0,0,0,0,0,0,0,0,0,1,0.9226,0.3394,0.731,0.1123,0.5466,0.3412,0.2556,0
2,5,0,0,0,0,0,0,0,0,1,0,0,0,0,0,1,0,0,0,0,0.9213,0.2819,0.8535,0.1105,0.5177,0.3529,0.2,0
8,6,0,0,0,0,0,0,0,1,0,0,0,0,0,1,0,0,0,0,0,0.9045,0.5038,0.7114,0.1604,0.3923,0.6,0.5556,0
1,3,0,0,0,0,0,0,0,0,1,0,0,0,0,0,0,0,0,0,1,0.951,0.4238,0.789,0.1515,0.6977,0.2,0.7,0
8,6,0,0,0,0,0,0,0,0,0,1,0,0,1,0,0,0,0,0,0,0.8542,0.1092,0.7697,0.0535,0.5434,0.2,0.4,0
5,4,0,1,0,0,0,0,0,0,0,0,0,0,0,0,0,0,0,0,1,0.8787,0.05,0.0474,0.0695,0.328,0.4471,0.2,0
7,4,0,0,0,0,0,0,0,0,0,1,0,0,1,0,0,0,0,0,0,0.9419,0.1633,0.8071,0.1979,0.4695,0.3529,0.4556,0
8,6,0,0,0,0,0,0,0,1,0,0,0,0,0,0,0,0,1,0,0,0.9703,0.4638,0.6788,0.2692,0.5981,0.2235,0.5,0
2,5,0,0,0,0,0,0,0,0,1,0,0,0,0,1,0,0,0,0,0,0.9329,0.4425,0.803,0.1248,0.4952,0.3647,0.3,0
8,6,0,0,1,0,0,0,0,0,0,0,0,0,0,0,0,0,0,0,1,0.911,0.173,0.1106,0.1711,0.299,0.2824,0.6,0
1,5,0,0,0,0,0,0,0,0,1,0,0,0,1,0,0,0,0,0,0,0.9316,0.4321,0.7958,0.1248,0.6045,0.3176,0.2,0
6,4,0,0,1,0,0,0,0,0,0,0,0,0,0,0,0,0,0,1,0,0.9303,0.1406,0.0956,0.1408,0.3569,0.3176,0.0556,0
7,4,0,0,1,0,0,0,0,0,0,0,0,0,0,0,0,0,0,0,1,0.929,0.1478,0.0991,0.098,0.299,0.5294,0.4,0
6,5,0,0,1,0,0,0,0,0,0,0,0,0,0,0,0,0,1,0,0,0.9355,0.1626,0.1054,0.2228,0.3055,0.2118,0.4,0
2,5,0,0,0,0,0,0,0,1,0,0,0,0,0,0,0,1,0,0,0,0.9871,0.45,0.6695,0.1854,0.7074,0.1529,0.2556,0
2,2,0,0,0,0,0,0,0,1,0,0,0,0,0,1,0,0,0,0,0,0.9819,0.3694,0.7496,0.303,0.7203,0.0824,0.4556,0
4,5,0,0,0,0,0,0,0,0,1,0,0,0,0,0,1,0,0,0,0,0.9574,0.4555,0.8112,0.164,0.7106,0.1176,0.4,0
2,2,0,0,0,0,0,0,0,1,0,0,0,0,0,1,0,0,0,0,0,0.9819,0.3694,0.7496,0.303,0.7203,0.0824,0.4556,0
2,5,0,0,0,0,0,0,0,1,0,0,0,0,0,0,0,0,1,0,0,0.9703,0.4638,0.6788,0.2692,0.6849,0.2471,0.5556,0
6,5,0,0,0,1,0,0,0,0,0,0,0,0,0,0,0,1,0,0,0,0.8103,0.0276,0.0555,0.0481,0.1158,0.4588,0.6,0
4,5,0,0,0,0,0,0,0,0,1,0,0,0,0,0,0,1,0,0,0,0.9574,0.4683,0.8192,0.164,0.6206,0,0.0556,0
3,4,0,0,0,0,0,0,0,0,1,0,0,0,0,1,0,0,0,0,0,0.9329,0.4425,0.803,0.1248,0.3762,0.5176,0.6556,0
2,4,0,0,0,0,0,0,0,0,1,0,0,0,1,0,0,0,0,0,0,0.5781,0.2402,0.771,0.0143,0.6559,0.2706,0.3556,0
1,5,0,0,0,0,0,0,0,0,1,0,0,0,0,1,0,0,0,0,0,0.9329,0.4425,0.803,0.1248,0.6238,0.2118,0.2,0
6,5,0,0,1,0,0,0,0,0,0,0,0,0,0,0,0,0,0,0,1,0.9213,0.1258,0.0889,0.1283,0.328,0.4588,0.3556,0
7,4,0,1,0,0,0,0,0,0,0,0,0,0,0,0,0,0,0,0,1,0.8413,0.0262,0.0284,0.0374,0.2122,0.6235,0.2,0
8,6,0,0,0,0,0,0,0,0,0,1,0,0,0,0,1,0,0,0,0,0.9381,0.1268,0.7809,0.0927,0.5788,0.2588,0.2556,0
5,6,0,0,1,0,0,0,0,0,0,0,0,0,0,0,0,0,0,1,0,0.9277,0.1688,0.1085,0.139,0.4148,0.5765,0.4,0
4,5,0,0,0,0,0,0,0,0,1,0,0,0,0,0,0,1,0,0,0,0.9574,0.4683,0.8192,0.164,0.6399,0.2235,0.1556,0
2,2,0,0,0,0,0,0,0,1,0,0,0,0,0,0,0,0,0,1,0,0.9652,0.4766,0.6876,0.3619,0.6656,0.1882,0.7556,0
7,5,0,0,0,0,0,0,0,0,1,0,0,0,0,1,0,0,0,0,0,0.9329,0.4425,0.803,0.1248,0.5949,0.2588,0.2,0
6,5,0,0,0,0,0,0,0,0,1,0,0,0,0,0,0,0,1,0,0,0.951,0.4025,0.7741,0.2175,0.5595,0.2118,0.6556,0
8,3,0,0,0,0,0,0,0,0,1,0,0,0,0,0,0,1,0,0,0,0.9677,0.275,0.7943,0.3191,0.6752,0.1294,0.5,0
4,4,0,0,0,0,0,0,0,0,0,1,0,0,0,0,0,0,0,1,0,0.9277,0.1468,0.7963,0.1194,0.5209,0.1176,0.3,0
7,4,0,0,0,0,0,0,0,1,0,0,0,0,0,0,0,0,0,1,0,0.9652,0.4766,0.6876,0.3619,0.0932,0.9529,0.6,0
7,4,0,0,0,0,0,0,0,0,1,0,0,0,0,0,0,0,1,0,0,0.9755,0.2895,0.8026,0.2834,0.5756,0.3765,0.5,0
7,3,0,0,1,0,0,0,0,0,0,0,0,0,1,0,0,0,0,0,0,0.889,0.1761,0.1125,0.0891,0.283,0.3647,0.6,0
4,4,0,0,1,0,0,0,0,0,0,0,0,0,0,0,0,0,0,1,0,0.9419,0.1196,0.0855,0.139,0.4759,0.1412,0.5,0
4,4,0,0,1,0,0,0,0,0,0,0,0,0,0,0,0,0,0,1,0,0.9419,0.1196,0.0855,0.139,0.4759,0.1412,0.5,0
4,4,0,0,0,0,0,0,0,0,1,0,0,0,0,0,0,0,0,0,1,0.951,0.4238,0.789,0.1515,0.4727,0.5294,0.1,0
1,3,0,0,0,0,0,0,0,0,1,0,0,0,1,0,0,0,0,0,0,0.9019,0.3125,0.8233,0.1266,0.328,0.6824,0.6556,0
4,5,0,0,0,0,0,0,0,0,1,0,0,0,0,0,1,0,0,0,0,0.9574,0.4555,0.8112,0.164,0.5531,0.0471,0.1,0
6,5,0,0,1,0,0,0,0,0,0,0,0,0,1,0,0,0,0,0,0,0.9213,0.133,0.0923,0.1105,0.418,0.1412,0.3,0
8,6,0,0,0,0,0,0,0,1,0,0,0,0,0,0,0,0,0,0,1,0.9226,0.3394,0.731,0.1123,0.4502,0.5176,0.3,0
3,4,0,0,0,0,0,0,0,0,1,0,0,0,0,0,0,0,1,0,0,0.9626,0.4828,0.828,0.2478,0.5273,0.4,0.3556,0
4,3,0,0,1,0,0,0,0,0,0,0,0,0,1,0,0,0,0,0,0,0.889,0.1761,0.1125,0.0891,0.283,0.3647,0.6,0
2,2,0,0,0,0,0,0,1,0,0,0,0,0,0,0,0,0,1,0,0,0.8981,0.5141,0.3542,0.1212,0.3601,0.7529,0.3556,0
7,4,0,0,0,0,0,0,0,0,1,0,0,0,0,0,1,0,0,0,0,0.9213,0.2819,0.8535,0.1105,0.4244,0.4941,0.4556,0
4,4,0,0,0,0,0,0,0,0,1,0,0,0,0,0,0,0,0,0,1,0.9652,0.5107,0.8452,0.1444,0.6656,0.2824,0.5,0
7,5,0,0,0,0,0,0,0,0,0,1,0,0,1,0,0,0,0,0,0,0.9419,0.1633,0.8071,0.1979,0.4469,0.3412,0.4,0
8,6,0,0,0,0,0,0,0,1,0,0,0,0,0,0,0,0,0,1,0,0.9484,0.2781,0.5546,0.2121,0.5756,0.2235,0.4556,0
4,6,0,0,0,0,0,0,0,0,1,0,0,0,0,0,0,0,0,0,1,0.9652,0.5107,0.8452,0.1444,0.8392,0.1294,0.3,0
8,6,0,0,0,0,0,0,0,1,0,0,0,0,0,0,0,0,0,1,0,0.9484,0.2781,0.5546,0.2121,0.4566,0.3294,0.4,0
4,4,0,0,0,0,0,0,0,0,1,0,0,0,0,0,1,0,0,0,0,0.9574,0.4555,0.8112,0.164,0.7781,0.0706,0.4556,0
1,5,0,0,0,0,0,0,0,0,1,0,0,0,0,0,0,0,0,0,1,0.9652,0.5107,0.8452,0.1444,0.8232,0.1412,0.3,0
6,4,0,0,0,0,0,0,0,0,1,0,0,0,0,1,0,0,0,0,0,0.9329,0.4425,0.803,0.1248,0.5305,0.3294,0.2556,0
9,4,0,0,0,0,0,0,0,0,1,0,0,0,0,1,0,0,0,0,0,0.8477,0.2491,0.7787,0.057,0.7106,0.2471,0.3,0
4,5,0,0,0,0,0,0,0,0,1,0,0,0,0,0,0,0,0,1,0,0.9523,0.4135,0.7816,0.1533,0.4984,0.1176,0.3,0
8,6,0,0,0,0,0,0,0,1,0,0,0,0,0,0,0,0,0,0,1,0.9381,0.4869,0.696,0.1889,0.5595,0.3059,0.6,0
2,2,0,0,0,0,0,0,0,0,1,0,0,0,0,0,0,0,0,1,0,0.9523,0.4135,0.7816,0.1533,0.5145,0.3647,0.1556,0
1,2,0,0,0,0,0,0,0,0,1,0,0,0,0,1,0,0,0,0,0,0.9329,0.4425,0.803,0.1248,0.5338,0.2941,0.2,0
6,5,0,0,0,0,0,0,0,0,1,0,0,0,0,0,0,0,0,1,0,0.9523,0.4135,0.7816,0.1533,0.7363,0.1412,0.4,0
7,5,0,0,0,1,0,0,0,0,0,0,0,0,0,0,0,0,0,0,1,0.8155,0.0065,0,0.0624,0.3601,0.7059,0.1556,0
6,3,0,0,0,1,0,0,0,0,0,0,0,0,0,0,1,0,0,0,0,0.8942,0.0555,0.0417,0.0677,0.418,0.4235,0.2556,0
4,4,0,0,0,1,0,0,0,0,0,0,0,0,0,0,0,0,1,0,0,0.8297,0.0765,0.0908,0.041,0.4662,0.0588,0.3,0
2,4,0,0,0,0,0,0,0,1,0,0,0,0,0,0,0,0,0,0,1,0.9742,0.4176,0.6825,0.2299,0.4244,0.6,0.4,0
7,4,0,0,0,0,0,0,0,1,0,0,0,0,0,0,0,0,0,0,1,0.9432,0.5996,0.8125,0.246,0.6334,0.6824,0.8,0.1563
2,4,0,0,0,0,0,0,0,1,0,0,0,0,0,0,0,0,0,0,1,0.9432,0.5996,0.8125,0.246,0.6495,0.4588,0.8,0
3,4,0,0,0,0,0,0,0,1,0,0,0,0,0,0,0,0,0,0,1,0.9432,0.5996,0.8125,0.246,0.791,0.2706,0.6556,0
5,4,0,0,0,0,0,0,0,1,0,0,0,0,0,0,0,0,0,0,1,0.9432,0.5996,0.8125,0.246,0.7556,0.2824,0.5556,0
2,4,0,0,0,0,0,0,0,1,0,0,0,0,0,0,1,0,0,0,0,0.9484,0.3119,0.5813,0.1711,0.5949,0.6471,0.2,0
8,6,0,0,0,0,0,0,0,1,0,0,0,0,0,0,1,0,0,0,0,0.96,0.5382,0.7726,0.2406,0.8521,0.1529,0.2556,0
3,4,0,0,0,0,0,0,0,1,0,0,0,0,0,0,1,0,0,0,0,0.96,0.5382,0.7726,0.2406,0.627,0.2941,0,0
8,5,0,0,0,0,0,0,0,1,0,0,0,0,0,0,1,0,0,0,0,0.96,0.5382,0.7726,0.2406,0.791,0.1176,0.3,0
8,5,0,0,0,0,0,0,0,1,0,0,0,0,0,0,1,0,0,0,0,0.96,0.5382,0.7726,0.2406,0.701,0.2471,0.3,0
6,5,0,0,0,0,0,0,0,1,0,0,0,0,0,0,1,0,0,0,0,0.96,0.5382,0.7726,0.2406,0.6399,0.2588,0.3556,0
7,4,0,0,0,0,0,0,0,1,0,0,0,0,0,0,0,1,0,0,0,0.9445,0.3725,0.6539,0.1426,0.6174,0.2706,0.2556,0
6,3,0,0,0,0,0,0,0,1,0,0,0,0,0,0,0,1,0,0,0,0.9406,0.4721,0.7198,0.1123,0.537,0.3059,0.3,0
2,5,0,0,0,0,0,0,0,1,0,0,0,0,0,0,0,1,0,0,0,0.8877,0.2615,0.8056,0.0891,0.6463,0.3647,0.4,0
8,6,0,0,0,0,0,0,0,1,0,0,0,0,0,0,0,0,0,1,0,0.9742,0.4001,0.6722,0.1961,0.6977,0.3059,0.2,0
4,3,0,0,0,0,0,0,0,1,0,0,0,0,0,0,0,0,0,1,0,0.9742,0.4001,0.6722,0.1961,0.6174,0.3412,0.2556,0
3,4,0,0,0,0,0,0,0,1,0,0,0,0,0,0,0,0,0,1,0,0.9432,0.5851,0.8026,0.2442,0.5916,0.5176,0.0556,0
7,4,0,0,0,0,0,0,0,1,0,0,0,0,0,0,0,0,0,1,0,0.9432,0.5851,0.8026,0.2442,0.6913,0.2941,0.1556,0
2,4,0,0,0,0,0,0,0,1,0,0,0,0,1,0,0,0,0,0,0,0.9665,0.3336,0.6264,0.2567,0.8392,0.2,0.4,0
3,4,0,0,0,0,0,0,0,1,0,0,0,0,0,0,0,0,1,0,0,0.9406,0.3835,0.6627,0.1586,0.2894,0.8118,0.8,0
2,4,0,0,0,0,0,0,0,1,0,0,0,0,0,0,0,0,1,0,0,0.9406,0.3835,0.6627,0.1586,0.6174,0.3176,0.3,0
6,3,0,0,0,0,0,0,0,1,0,0,0,0,0,0,0,0,1,0,0,0.9342,0.4824,0.7285,0.1266,0.5498,0.2824,0.3556,0
4,4,0,0,0,0,0,0,0,1,0,0,0,0,0,0,0,0,1,0,0,0.9755,0.5737,0.7934,0.2317,0.6302,0.4471,0.3,0
4,4,0,0,0,0,0,0,0,1,0,0,0,0,0,1,0,0,0,0,0,0.9677,0.3484,0.6361,0.2602,0.6399,0.4588,0.8,0
6,5,0,0,0,0,0,0,0,1,0,0,0,0,0,1,0,0,0,0,0,0.9755,0.45,0.7027,0.4046,0.5531,0.4706,0.4,0
2,2,0,0,0,0,0,0,0,1,0,0,0,0,0,1,0,0,0,0,0,0.9471,0.5221,0.7626,0.2549,0.6913,0.1059,0.3,0
3,4,0,0,0,0,0,0,0,1,0,0,0,0,0,1,0,0,0,0,0,0.9471,0.5221,0.7626,0.2549,0.6045,0.2,0.3,0
4,4,0,0,0,0,0,0,0,1,0,0,0,0,0,1,0,0,0,0,0,0.9471,0.5221,0.7626,0.2549,0.5434,0.4471,0.2556,0
2,2,0,0,0,0,0,0,0,1,0,0,0,0,0,1,0,0,0,0,0,0.9471,0.5221,0.7626,0.2549,0.6302,0.4824,0.3,0
8,6,0,0,0,0,0,0,0,1,0,0,0,0,0,1,0,0,0,0,0,0.9471,0.5221,0.7626,0.2549,0.5756,0.5059,0.4556,0
2,5,0,0,0,0,0,0,0,1,0,0,0,0,0,1,0,0,0,0,0,0.9471,0.5221,0.7626,0.2549,0.5788,0.3765,0.4,0
4,6,0,0,0,0,0,0,0,0,0,0,0,1,0,0,0,0,0,0,1,0.8477,0.0899,0.4053,0.1212,0.0836,0.4941,0.9,0
8,6,0,0,0,0,0,0,0,0,0,0,0,1,0,0,1,0,0,0,0,0.8426,0.092,0.4066,0.0945,0.0932,0.5412,0.8444,0
4,6,0,0,0,0,0,0,0,0,0,0,0,1,0,0,0,1,0,0,0,0.8503,0.0872,0.4035,0.0357,0.0932,0.5412,0.5,0
4,4,0,0,0,0,0,0,0,0,0,0,0,1,1,0,0,0,0,0,0,0.8606,0.0837,0.4008,0.0463,0.0772,0.0706,0.9,0
3,4,0,0,0,0,0,0,0,0,0,0,0,1,1,0,0,0,0,0,0,0.8606,0.0837,0.4008,0.0463,0.0772,0.0706,0.9,0
4,4,0,0,0,0,0,0,0,0,0,0,0,1,1,0,0,0,0,0,0,0.8606,0.0837,0.4008,0.0463,0.0772,0.0706,0.9,0
4,4,0,0,0,0,0,0,0,0,0,0,0,1,1,0,0,0,0,0,0,0.8606,0.0837,0.4008,0.0463,0.0772,0.0706,0.9,0
4,6,0,0,0,0,0,0,0,0,0,0,0,1,0,0,0,0,1,0,0,0.8516,0.0882,0.4042,0.0731,0,0.5176,0.5,0
6,5,0,0,0,0,0,0,0,0,0,0,0,1,0,1,0,0,0,0,0,0.8606,0.0837,0.4008,0.0463,0.0932,0.1059,0.9,0
6,3,0,1,0,0,0,0,0,0,0,0,0,0,0,0,0,0,0,0,1,0.8542,0.091,0.4053,0.0606,0.0643,0.4235,0.4,0
3,4,0,1,0,0,0,0,0,0,0,0,0,0,0,0,1,0,0,0,0,0.88,0.019,0.0127,0.057,0.2122,0.2353,0.3,0
5,4,0,1,0,0,0,0,0,0,0,0,0,0,0,0,0,0,1,0,0,0.8581,0.0131,0.0093,0.1123,0.1704,0.3647,0.8444,0
2,5,0,0,0,0,0,0,1,0,0,0,0,0,0,0,0,0,0,0,1,0.9703,0.581,0.4737,0.2193,0.6817,0.2941,0.6556,0
7,6,0,0,0,0,0,0,1,0,0,0,0,0,0,0,1,0,0,0,0,0.9355,0.6272,0.504,0.2228,0.3344,0.8824,0.8,0.0313
7,4,0,0,0,0,0,0,1,0,0,0,0,0,0,0,0,0,0,1,0,0.9406,0.3553,0.5477,0.1604,0.6399,0.4,0.2556,0
7,4,0,0,0,0,0,0,1,0,0,0,0,0,0,0,0,0,0,1,0,0.9406,0.3553,0.5477,0.1604,0.7074,0.2,0.1556,0
7,4,0,0,0,0,0,0,1,0,0,0,0,0,0,0,0,0,0,1,0,0.9406,0.3553,0.5477,0.1604,0.7106,0.1765,0.1556,0
2,5,0,0,0,0,0,0,1,0,0,0,0,0,0,0,0,0,0,1,0,0.9406,0.3553,0.5477,0.1604,0.5305,0.4471,0.1556,0
9,4,0,0,0,0,0,0,1,0,0,0,0,0,0,0,0,0,0,1,0,0.9406,0.3553,0.5477,0.1604,0.7428,0.2824,0.0556,0
4,5,0,0,0,0,0,0,1,0,0,0,0,0,0,0,0,0,1,0,0,0.9406,0.3415,0.5376,0.1123,0.6656,0.2941,0.1,0
7,6,0,0,0,0,0,0,1,0,0,0,0,0,0,1,0,0,0,0,0,0.96,0.6178,0.496,0.1961,0.7942,0.1529,0.5556,0
8,6,0,0,0,0,0,0,1,0,0,0,0,0,0,1,0,0,0,0,0,0.9497,0.3022,0.5078,0.1515,0.4791,0.6118,0.3556,0
7,5,0,0,0,0,0,1,0,0,0,0,0,0,0,0,0,0,0,0,1,0.96,0.6178,0.496,0.1961,0.6431,0.3882,0.1,0
6,4,0,0,0,0,0,1,0,0,0,0,0,0,0,0,0,0,0,0,1,0.9252,0.3046,0.3318,0.1141,0.3891,0.3647,0.1556,0
8,6,0,0,0,0,0,1,0,0,0,0,0,0,0,0,0,0,0,0,1,0.9252,0.3046,0.3318,0.1141,0.4244,0.3529,0.2,0
8,6,0,0,0,0,0,1,0,0,0,0,0,0,0,0,1,0,0,0,0,0.9355,0.5055,0.4331,0.2264,0.5595,0.3294,0.5,0
6,5,0,0,0,0,0,1,0,0,0,0,0,0,0,0,0,0,0,1,0,0.4477,0.2409,0.2649,0.0071,0.2701,0.8824,0.2556,0
6,5,0,0,0,0,0,1,0,0,0,0,0,0,1,0,0,0,0,0,0,0.9252,0.3177,0.3403,0.1337,0.5949,0.1176,0.5,0
6,5,0,0,0,0,0,1,0,0,0,0,0,0,1,0,0,0,0,0,0,0.9252,0.3177,0.3403,0.1337,0.5434,0.2824,0.5556,0
3,6,0,0,0,0,0,1,0,0,0,0,0,0,0,0,0,0,1,0,0,0.9342,0.3205,0.2629,0.1266,0.5466,0.2706,0.4556,0
3,6,0,0,0,0,0,1,0,0,0,0,0,0,0,0,0,0,1,0,0,0.9342,0.3205,0.2629,0.1266,0.5466,0.2706,0.4556,0
6,5,0,0,0,0,1,0,0,0,0,0,0,0,0,0,0,0,0,1,0,0.8568,0.0927,0.1242,0.0624,0.2926,0.9294,0.5,0
1,4,0,0,0,0,0,0,0,0,1,0,0,0,0,0,0,0,0,0,1,0.9148,0.286,0.8284,0.1016,0.5402,0.4353,0.2,0
7,4,0,0,0,0,0,0,0,0,1,0,0,0,0,0,0,0,0,0,1,0.9148,0.286,0.8284,0.1016,0.4791,0.4471,0.5556,0
3,4,0,0,0,0,0,0,0,0,1,0,0,0,0,0,0,0,0,0,1,0.9148,0.286,0.8284,0.1016,0.6945,0.2353,0.3556,0
2,4,0,0,0,0,0,0,0,0,1,0,0,0,0,0,0,0,0,0,1,0.951,0.3608,0.8798,0.1765,0.4437,0.3529,0.1556,0
2,4,0,0,0,0,0,0,0,0,1,0,0,0,0,0,0,0,0,0,1,0.951,0.3608,0.8798,0.1765,0.7299,0.1412,0.2,0
7,4,0,0,0,0,0,0,0,0,1,0,0,0,0,0,0,0,0,0,1,0.951,0.3608,0.8798,0.1765,0.7428,0.1412,0.2556,0
6,3,0,0,0,0,0,0,0,0,1,0,0,0,0,0,0,0,0,0,1,0.951,0.3608,0.8798,0.1765,0.7267,0.1529,0.1556,0
2,4,0,0,0,0,0,0,0,0,1,0,0,0,0,0,0,0,0,0,1,0.409,0.1554,0.8194,0.0071,0.3215,0.7412,0.6556,0
6,5,0,0,0,0,0,0,0,0,1,0,0,0,0,0,1,0,0,0,0,0.9535,0.3939,0.9021,0.1569,0.7106,0.1412,0.5,0
4,4,0,0,0,0,0,0,0,0,1,0,0,0,0,0,1,0,0,0,0,0.9535,0.3939,0.9021,0.1569,0.5627,0.3059,0.1556,0
3,4,0,0,0,0,0,0,0,0,1,0,0,0,0,0,1,0,0,0,0,0.9355,0.4604,0.9495,0.1283,0.5241,0.1765,0.2556,0
4,5,0,0,0,0,0,0,0,0,1,0,0,0,0,0,0,1,0,0,0,0.951,0.3277,0.8579,0.1533,0.5273,0.1059,0.6,0
4,4,0,0,0,0,0,0,0,0,1,0,0,0,0,0,0,1,0,0,0,0.951,0.3277,0.8579,0.1533,0.5466,0.1059,0.5,0
6,5,0,0,0,0,0,0,0,0,1,0,0,0,0,0,0,1,0,0,0,0.9561,0.4063,0.9096,0.1337,0.6238,0.1412,0.2,0
5,4,0,0,0,0,0,0,0,0,1,0,0,0,0,0,0,1,0,0,0,0.9561,0.4063,0.9096,0.1337,0.6238,0.1529,0.6556,0
6,3,0,0,0,0,0,0,0,0,1,0,0,0,0,0,0,1,0,0,0,0.9561,0.4063,0.9096,0.1337,0.537,0.2235,0.7556,0
1,4,0,0,0,0,0,0,0,0,1,0,0,0,0,0,0,1,0,0,0,0.9561,0.4063,0.9096,0.1337,0.4695,0.1529,0.4,0
6,5,0,0,0,0,0,0,0,0,1,0,0,0,0,0,0,1,0,0,0,0.9561,0.4063,0.9096,0.1337,0.4695,0.1529,0.4,0
3,5,0,0,0,0,0,0,0,0,1,0,0,0,0,0,0,1,0,0,0,0.929,0.468,0.9557,0.1212,0.3441,0.2824,0.2556,0
6,5,0,0,0,0,0,0,0,0,1,0,0,0,0,0,0,1,0,0,0,0.8955,0.1799,0.8432,0.0963,0.3698,0.4824,0.1556,0
1,4,0,0,0,0,0,0,0,0,1,0,0,0,0,0,0,0,0,1,0,0.9484,0.3487,0.8721,0.1497,0.7074,0.1412,0.3,0
5,4,0,0,0,0,0,0,0,0,1,0,0,0,0,0,0,0,0,1,0,0.9484,0.3487,0.8721,0.1497,0.7042,0.1412,0.3,0
6,5,0,0,0,0,0,0,0,0,1,0,0,0,0,0,0,0,0,1,0,0.9484,0.3487,0.8721,0.1497,0.6109,0.2,0.2,0
6,5,0,0,0,0,0,0,0,0,1,0,0,0,0,0,0,0,0,1,0,0.9484,0.3487,0.8721,0.1497,0.5627,0.2353,0.1556,0
4,3,0,0,0,0,0,0,0,0,1,0,0,0,0,0,0,0,0,1,0,0.9484,0.3487,0.8721,0.1497,0.6849,0.1412,0.4,0
3,3,0,0,0,0,0,0,0,0,1,0,0,0,0,0,0,0,0,1,0,0.9484,0.3487,0.8721,0.1497,0.7074,0.1412,0.3,0
7,4,0,0,0,0,0,0,0,0,1,0,0,0,0,0,0,0,0,1,0,0.9355,0.4249,0.9234,0.1515,0.6206,0.1529,0.4556,0
4,4,0,0,0,0,0,0,0,0,1,0,0,0,0,0,0,0,0,1,0,0.9355,0.4249,0.9234,0.1515,0.4791,0.3059,0.2,0
1,4,0,0,0,0,0,0,0,0,1,0,0,0,1,0,0,0,0,0,0,0.9471,0.2984,0.8364,0.1693,0.5113,0.4588,0.3,0
2,3,0,0,0,0,0,0,0,0,1,0,0,0,1,0,0,0,0,0,0,0.9406,0.3697,0.8867,0.1105,0.508,0.4235,0.5556,0
4,3,0,0,0,0,0,0,0,0,1,0,0,0,1,0,0,0,0,0,0,0.9406,0.3697,0.8867,0.1105,0.2444,0.8353,0.1556,0
7,4,0,0,0,0,0,0,0,0,1,0,0,0,1,0,0,0,0,0,0,0.9406,0.3697,0.8867,0.1105,0.5498,0.3412,0.2,0
6,3,0,0,0,0,0,0,0,0,1,0,0,0,1,0,0,0,0,0,0,0.9406,0.3697,0.8867,0.1105,0.6688,0.2235,0.2,0
8,6,0,0,0,0,0,0,0,0,1,0,0,0,1,0,0,0,0,0,0,0.9406,0.3697,0.8867,0.1105,0.6592,0.2353,0.2,0
2,4,0,0,0,0,0,0,0,0,1,0,0,0,1,0,0,0,0,0,0,0.9406,0.3697,0.8867,0.1105,0.5852,0.3059,0.1556,0
2,5,0,0,0,0,0,0,0,0,1,0,0,0,1,0,0,0,0,0,0,0.9406,0.3697,0.8867,0.1105,0.5498,0.3412,0.2,0
8,6,0,0,0,0,0,0,0,0,1,0,0,0,1,0,0,0,0,0,0,0.9445,0.3811,0.8941,0.1159,0.4341,0.4235,0.2,0
6,3,0,0,0,0,0,0,0,0,1,0,0,0,1,0,0,0,0,0,0,0.9394,0.4445,0.9373,0.1337,0.5916,0.2588,0.1556,0
8,6,0,0,0,0,0,0,0,0,1,0,0,0,1,0,0,0,0,0,0,0.9394,0.4445,0.9373,0.1337,0.4405,0.4235,0.4556,0
6,3,0,0,0,0,0,0,0,0,1,0,0,0,1,0,0,0,0,0,0,0.9394,0.4445,0.9373,0.1337,0.3215,0.6,0.5,0
2,2,0,0,0,0,0,0,0,0,1,0,0,0,1,0,0,0,0,0,0,0.9394,0.4445,0.9373,0.1337,0.4695,0.3294,0.3,0
1,4,0,0,0,0,0,0,0,0,1,0,0,0,1,0,0,0,0,0,0,0.9394,0.4445,0.9373,0.1337,0.6141,0.2353,0.2,0
5,4,0,0,0,0,0,0,0,0,1,0,0,0,0,0,0,0,1,0,0,0.9471,0.3374,0.8648,0.1711,0.254,0.7059,0.3556,0
3,4,0,0,0,0,0,0,0,0,1,0,0,0,0,0,0,0,1,0,0,0.9471,0.3374,0.8648,0.1711,0.4887,0.4941,0.4556,0
5,4,0,0,0,0,0,0,0,0,1,0,0,0,0,0,0,0,1,0,0,0.9471,0.3374,0.8648,0.1711,0.3408,0.5765,0.3556,0
5,4,0,0,0,0,0,0,0,0,1,0,0,0,0,0,0,0,1,0,0,0.9471,0.3374,0.8648,0.1711,0.254,0.7059,0.3556,0
4,4,0,0,0,0,0,0,0,0,1,0,0,0,0,0,0,0,1,0,0,0.9471,0.3374,0.8648,0.1711,0.4244,0.4471,0.6556,0
7,4,0,0,0,0,0,0,0,0,1,0,0,0,0,0,0,0,1,0,0,0.9471,0.3374,0.8648,0.1711,0.5916,0.3294,0.3556,0
7,4,0,0,0,0,0,0,0,0,1,0,0,0,0,0,0,0,1,0,0,0.9471,0.3374,0.8648,0.1711,0.5659,0.3765,0.2556,0
7,4,0,0,0,0,0,0,0,0,1,0,0,0,0,0,0,0,1,0,0,0.9471,0.3374,0.8648,0.1711,0.5305,0.4118,0.2,0
4,4,0,0,0,0,0,0,0,0,1,0,0,0,0,0,0,0,1,0,0,0.9471,0.3374,0.8648,0.1711,0.5981,0.2353,0.5,0
4,4,0,0,0,0,0,0,0,0,1,0,0,0,0,0,0,0,1,0,0,0.9471,0.3374,0.8648,0.1711,0.5981,0.2353,0.5,0
6,3,0,0,0,0,0,0,0,0,1,0,0,0,0,0,0,0,1,0,0,0.9523,0.4166,0.9169,0.1818,0.4405,0.4706,0.3556,0
6,3,0,0,0,0,0,0,0,0,1,0,0,0,0,0,0,0,1,0,0,0.9523,0.4166,0.9169,0.1818,0.5627,0.2824,0.2556,0
1,4,0,0,0,0,0,0,0,0,1,0,0,0,0,0,0,0,1,0,0,0.9523,0.4166,0.9169,0.1818,0.6077,0.2824,0.2,0
6,5,0,0,0,0,0,0,0,0,1,0,0,0,0,0,0,0,1,0,0,0.9523,0.4166,0.9169,0.1818,0.5209,0.3176,0.2,0
4,3,0,0,0,0,0,0,0,0,1,0,0,0,0,0,0,0,1,0,0,0.9523,0.4166,0.9169,0.1818,0.4855,0.3529,0.4,0
7,4,0,0,0,0,0,0,0,0,1,0,0,0,0,0,0,0,1,0,0,0.8968,0.1864,0.8495,0.2068,0.418,0.5765,0.3,0
4,3,0,0,0,0,0,0,0,0,1,0,0,0,0,1,0,0,0,0,0,0.9445,0.3811,0.8941,0.1159,0.4405,0.4471,0.2,0
6,5,0,0,0,0,0,0,0,0,1,0,0,0,0,1,0,0,0,0,0,0.9445,0.3811,0.8941,0.1159,0.6077,0.2353,0.2556,0
6,5,0,0,0,0,0,0,0,0,1,0,0,0,0,1,0,0,0,0,0,0.9445,0.3811,0.8941,0.1159,0.5595,0.3529,0.3,0
4,5,0,0,0,0,0,0,0,0,1,0,0,0,0,1,0,0,0,0,0,0.9342,0.4521,0.9431,0.2228,0.4405,0.2706,0.5556,0
4,5,0,0,0,0,0,0,0,0,1,0,0,0,0,1,0,0,0,0,0,0.9342,0.4521,0.9431,0.2228,0.4566,0.1412,0.3556,0
6,5,0,0,0,0,0,0,0,0,1,0,0,0,0,0,0,0,0,1,0,0.9355,0.3212,0.8637,0.1497,0.4695,0.3765,0.5,0
4,5,0,0,0,0,0,0,0,0,1,0,0,0,0,0,0,0,0,0,1,0.9329,0.9483,0.9584,0.1266,0.373,0.7294,0.8,0
7,4,0,0,0,0,0,0,0,0,1,0,0,0,0,0,0,0,0,0,1,0.9329,0.9483,0.9584,0.1266,0.373,0.7294,0.8,0
3,4,0,0,0,0,0,0,1,0,0,0,0,0,0,0,1,0,0,0,0,0.9445,0.4566,0.6011,0.1426,0.3859,0.5059,0.4,0
4,5,0,0,0,0,0,0,0,1,0,0,0,0,0,0,0,0,0,0,1,0.9458,0.6964,0.77,0.1444,0.2637,0.7059,0.0556,0
5,4,0,0,0,0,0,0,0,1,0,0,0,0,0,0,0,1,0,0,0,0.9819,0.7626,0.81,0.2478,0.582,0.3176,0.2556,0
6,5,0,0,0,0,0,0,0,0,1,0,0,0,0,0,0,0,1,0,0,0.9239,0.9955,0.9938,0.1319,0.2605,0.7412,0.4,0
6,5,0,0,0,0,0,0,0,0,1,0,0,0,0,0,0,0,0,1,0,0.9355,0.3212,0.8637,0.1497,0.4244,0.4941,0.5,0
8,6,0,0,0,0,0,0,0,1,0,0,0,0,1,0,0,0,0,0,0,0.9471,0.7095,0.7795,0.1462,0.6077,0.4588,0.2,0
2,2,0,0,0,0,0,0,0,1,0,0,0,0,0,0,0,0,0,1,0,0.9677,0.7926,0.8294,0.1497,0.6334,0.3176,0.2,0
6,5,0,0,1,0,0,0,0,0,0,0,0,0,0,0,0,1,0,0,0,0.9316,0.0613,0.0266,0.1426,0.209,0.4235,0.6,0
4,5,1,0,0,0,0,0,0,0,0,0,0,0,0,0,0,0,0,0,1,0,0,0.1917,0,0.0965,1,0.0556,0
5,4,0,0,0,0,0,0,1,0,0,0,0,0,0,0,1,0,0,0,0,0.9677,0.3453,0.5288,0.2121,0.5498,0.2824,0.7556,0
8,6,0,0,0,0,0,0,0,1,0,0,0,0,0,0,0,1,0,0,0,0.929,0.6651,0.7448,0.1212,0.4502,0.5647,0.2556,0
8,6,0,0,0,0,0,0,0,1,0,0,0,0,0,0,1,0,0,0,0,0.9871,0.7464,0.7999,0.3209,0.836,0.1647,0.1556,0
9,6,0,0,0,0,0,0,0,1,0,0,0,0,0,0,0,1,0,0,0,0.9406,0.8522,0.8748,0.1123,0.5884,0.5059,0.2556,0
8,4,0,0,0,0,0,0,0,1,0,0,0,0,0,0,0,0,0,1,0,0.9406,0.9397,0.9513,0.1373,0.6141,0.3412,0.4556,0
2,4,0,0,0,0,0,0,0,1,0,0,0,0,0,0,0,0,0,0,1,0.9406,0.621,0.7096,0.1355,0.6013,0.4118,0.2,0
3,4,0,0,0,0,0,0,0,0,1,0,0,0,0,0,0,0,0,0,1,0.9265,0.3294,0.8709,0.2032,0.5916,0.4706,0.5556,0
5,5,0,0,1,0,0,0,0,0,0,0,0,0,0,0,0,1,0,0,0,0.9316,0.0613,0.0266,0.1426,0.3023,0.3882,0.5556,0
6,4,0,0,0,0,0,0,0,1,0,0,0,0,0,0,0,0,1,0,0,0.9819,0.7784,0.8195,0.2139,0.6785,0.2235,0.3,0
7,4,0,0,0,0,0,0,0,1,0,0,0,0,0,0,0,0,1,0,0,0.9819,0.7784,0.8195,0.2139,0.6785,0.2235,0.3,0
7,4,0,1,0,0,0,0,0,0,0,0,0,0,1,0,0,0,0,0,0,0.8516,0.0289,0.0591,0.0731,0.1704,0.6588,0.6556,0
8,6,0,0,0,0,0,0,0,0,1,0,0,0,0,0,0,0,1,0,0,0.9342,0.3108,0.8563,0.1283,0.5949,0.3647,0.2556,0
1,3,0,0,0,0,0,0,0,0,1,0,0,0,0,0,0,0,0,0,1,0.9329,0.9483,0.9584,0.1266,0.6334,0.3294,0.4,0
2,4,0,0,1,0,0,0,0,0,0,0,0,0,0,1,0,0,0,0,0,0.9639,0.0479,0.0208,0.2032,0.418,0.0471,0.8,0
6,5,0,1,0,0,0,0,0,0,0,0,0,0,1,0,0,0,0,0,0,0.8439,0.0121,0.0455,0.0392,0.0997,0.6235,0.1556,0
4,5,0,1,0,0,0,0,0,0,0,0,0,0,0,0,0,0,0,0,1,0.8555,0.0272,0.0575,0.0624,0.254,0.5529,0.1556,0
4,3,0,0,0,0,0,0,0,0,1,0,0,0,0,0,0,0,0,0,1,0.9265,0.3294,0.8709,0.2032,0.5852,0.4706,0.5,0
5,6,0,0,0,0,0,0,0,1,0,0,0,0,0,0,0,0,0,0,1,0.9406,0.621,0.7096,0.1355,0.7106,0.2118,0.3556,0
1,2,0,0,0,0,0,0,0,1,0,0,0,0,0,0,0,0,0,1,0,0.9677,0.7926,0.8294,0.1497,0.7621,0.2,0.3,0
9,5,0,0,0,0,0,1,0,0,0,0,0,0,0,0,1,0,0,0,0,0.9626,0.1668,0.3399,0.2496,0.8296,0.2235,0.4556,0
9,5,0,0,0,0,0,1,0,0,0,0,0,0,0,0,1,0,0,0,0,0.9626,0.1668,0.3399,0.2496,0.8296,0.2235,0.4556,0
3,4,0,0,0,0,0,0,0,0,1,0,0,0,0,0,0,1,0,0,0,0.9342,0.3001,0.8488,0.148,0.6624,0.3647,0.4,0
9,9,0,0,0,0,0,0,0,1,0,0,0,0,0,0,0,0,1,0,0,0.9819,0.7784,0.8195,0.2139,0.7331,0.2471,0.4,0
8,6,0,0,0,0,0,0,0,1,0,0,0,0,0,0,0,1,0,0,0,0.929,0.6651,0.7448,0.1212,0.6141,0.3059,0.3556,0
2,4,0,0,0,0,0,0,0,0,1,0,0,0,0,0,1,0,0,0,0,0.8929,0.2884,0.8411,0.066,0.6302,0.2235,0.2,0
2,2,0,0,0,0,0,0,0,1,0,0,0,0,0,1,0,0,0,0,0,0.9794,0.7271,0.7893,0.1693,0.8264,0.1412,0.2,0
6,5,0,0,0,0,0,0,0,0,1,0,0,0,0,0,0,0,0,1,0,0.8826,1,1,0.0713,0.4759,0.6118,0.5,0
4,5,0,1,0,0,0,0,0,0,0,0,0,0,0,0,0,0,0,1,0,0.8516,0.0245,0.0552,0.0517,0.3859,0.3647,0.4,0
4,3,0,0,0,0,0,0,0,0,1,0,0,0,0,0,0,0,1,0,0,0.9239,0.9955,0.9938,0.1319,0.5691,0.3412,0.3,0
1,4,0,0,0,0,0,0,1,0,0,0,0,0,0,1,0,0,0,0,0,0.9497,0.3277,0.5187,0.2157,0.6817,0.1882,0.5556,0
6,3,0,1,0,0,0,0,0,0,0,0,0,0,0,0,0,0,1,0,0,0.8439,0.0214,0.0527,0.0481,0.4019,0.3176,0.2556,0
7,4,0,1,0,0,0,0,0,0,0,0,0,0,0,0,0,0,1,0,0,0.8503,0.0072,0.0419,0.0588,0.1929,0.4471,1,0
9,4,0,0,0,0,0,0,1,0,0,0,0,0,1,0,0,0,0,0,0,0.9497,0.3136,0.5092,0.1747,0.6624,0.1412,0.4556,0
7,5,0,0,0,0,0,0,0,1,0,0,0,0,0,0,0,0,0,1,0,0.9677,0.7926,0.8294,0.1497,0.7781,0.2118,0.3556,0
5,4,0,0,0,0,0,0,0,1,0,0,0,0,0,0,0,0,0,0,1,0.9665,0.8063,0.8387,0.18,0.7042,0.4118,0.4,0
8,6,0,0,0,0,0,0,0,1,0,0,0,0,0,0,0,1,0,0,0,0.9819,0.7626,0.81,0.2478,0.8135,0.1412,0.5,0
6,3,0,0,0,0,0,0,1,0,0,0,0,0,0,1,0,0,0,0,0,0.9548,0.5617,0.666,0.1586,0.7749,0.2824,0.3,0
6,5,0,0,1,0,0,0,0,0,0,0,0,0,0,0,1,0,0,0,0,0.9639,0.0558,0.0239,0.1765,0.373,0.1059,0.6,0
2,4,0,0,0,0,0,0,0,1,0,0,0,0,0,0,0,0,0,0,1,0.9458,0.6964,0.77,0.1444,0.7299,0.3176,0.5556,0
2,5,0,0,0,0,0,0,0,1,0,0,0,0,0,0,0,0,0,0,1,0.9406,0.621,0.7096,0.1355,0.7267,0.2471,0.4,0
8,8,0,0,0,0,0,0,0,1,0,0,0,0,0,0,1,0,0,0,0,0.9419,0.6558,0.7365,0.139,0.7717,0.2471,0.4556,0
2,4,0,0,0,0,0,0,0,1,0,0,0,0,0,0,1,0,0,0,0,0.9871,0.7464,0.7999,0.3209,0.9196,0.0471,0.4556,0
8,6,0,0,0,0,0,0,1,0,0,0,0,0,0,0,0,0,0,0,1,0.9058,0.9028,0.9241,0.0927,0.8714,0.1412,0.3556,0
1,3,0,0,0,0,0,0,0,0,1,0,0,0,0,0,0,0,0,1,0,0.9355,0.3212,0.8637,0.1497,0.6463,0.3882,0.4,0
8,6,0,0,0,0,0,0,0,1,0,0,0,0,0,0,0,0,0,1,0,0.9677,0.7926,0.8294,0.1497,0.7942,0.1882,0.3556,0
2,2,0,0,0,0,0,0,0,1,0,0,0,0,0,0,0,1,0,0,0,0.9406,0.8522,0.8748,0.1123,0.5852,0.4824,0.2,0
8,6,0,0,0,0,0,0,0,1,0,0,0,0,0,0,0,1,0,0,0,0.9406,0.8522,0.8748,0.1123,0.5852,0.4824,0.2,0
2,4,0,0,0,0,0,0,0,1,0,0,0,0,1,0,0,0,0,0,0,0.9471,0.7095,0.7795,0.1462,0.8264,0.2118,0.2,0
1,3,0,0,0,0,0,0,0,1,0,0,0,0,0,0,0,1,0,0,0,0.9819,0.7626,0.81,0.2478,0.7717,0.2235,0.6,0
3,4,0,0,0,0,0,0,0,1,0,0,0,0,0,0,0,0,0,0,1,0.9406,0.621,0.7096,0.1355,0.7203,0.3412,0.4,0
7,4,0,0,0,0,0,0,0,0,1,0,0,0,0,0,0,1,0,0,0,0.9161,0.9859,0.9867,0.1212,0.5531,0.3529,0.3556,0
1,3,0,0,0,0,0,0,0,1,0,0,0,0,0,0,0,0,0,1,0,0.9471,0.6096,0.7006,0.1711,0.6785,0.2941,0.4,0
8,6,0,0,0,0,0,0,0,1,0,0,0,0,0,0,0,1,0,0,0,0.9819,0.7626,0.81,0.2478,0.6977,0.2706,0.7,0
2,4,0,0,0,0,0,0,0,1,0,0,0,0,0,0,0,0,0,0,1,0.9665,0.8063,0.8387,0.18,0.6013,0.6,0.5,0
1,4,0,0,0,0,0,0,0,1,0,0,0,0,0,0,0,0,1,0,0,0.9277,0.9259,0.9421,0.098,0.6431,0.3529,0.3556,0
2,5,0,0,0,0,0,0,1,0,0,0,0,0,0,0,0,0,0,1,0,0.9303,0.2881,0.4324,0.0998,0.6945,0.4235,0.1556,0
8,6,0,0,0,0,0,0,0,1,0,0,0,0,1,0,0,0,0,0,0,0.9471,0.7095,0.7795,0.1462,0.791,0.2353,0.1,0
8,6,0,0,0,0,0,0,0,1,0,0,0,0,0,0,0,0,0,1,0,0.9123,0.8701,0.8919,0.1729,0.3859,0.6824,0.2556,0
2,5,0,0,0,0,0,0,0,1,0,0,0,0,0,0,0,0,0,1,0,0.9677,0.7926,0.8294,0.1497,0.6881,0.4471,0.4,0
1,3,0,0,0,0,0,0,0,0,1,0,0,0,0,0,0,0,1,0,0,0.9342,0.3108,0.8563,0.1283,0.5434,0.3647,0.2,0
5,4,0,0,0,0,0,0,0,0,1,0,0,0,0,0,0,0,1,0,0,0.9239,0.9955,0.9938,0.1319,0.4502,0.5059,0.3556,0
8,6,0,0,0,0,0,0,0,1,0,0,0,0,1,0,0,0,0,0,0,0.9471,0.7095,0.7795,0.1462,0.7492,0.1647,0.1556,0
6,5,0,0,0,1,0,0,0,0,0,0,0,0,1,0,0,0,0,0,0,0.8929,0.082,0.0395,0.066,0.2797,0.5765,0.3,0
1,2,0,0,0,0,0,0,1,0,0,0,0,0,0,0,0,0,1,0,0,0.929,0.275,0.4227,0.2995,0.4051,0.7412,0.8444,0
2,5,0,0,0,0,0,0,0,0,1,0,0,0,0,0,0,0,1,0,0,0.9239,0.9955,0.9938,0.1319,0.4502,0.5059,0.3556,0
5,5,0,0,0,0,0,0,0,1,0,0,0,0,0,0,0,0,0,0,1,0.9716,0.1613,0.1088,0.1907,0.4855,0.7647,0.4556,0
6,5,0,0,0,0,0,0,0,1,0,0,0,0,0,0,0,0,0,0,1,0.9458,0.6964,0.77,0.1444,0.5434,0.6471,0.2,0
3,4,0,0,1,0,0,0,0,0,0,0,0,0,0,0,1,0,0,0,0,0.9639,0.0558,0.0239,0.1765,0.2154,0.2353,0.8444,0
7,4,0,0,0,0,0,0,0,0,1,0,0,0,0,0,1,0,0,0,0,0.9161,0.9779,0.9805,0.18,0.2669,0.7294,0.4,0
7,4,0,0,0,0,0,0,0,1,0,0,0,0,0,0,0,0,0,0,1,0.9406,0.621,0.7096,0.1355,0.5498,0.5412,0.5,0
4,5,0,0,0,0,0,0,0,1,0,0,0,0,0,0,1,0,0,0,0,0.9871,0.7464,0.7999,0.3209,0.6817,0.4,0.5556,0
1,4,0,0,0,0,0,0,0,1,0,0,0,0,0,0,0,0,1,0,0,0.9265,0.6744,0.7529,0.2906,0.3087,0.8588,0.5,0
7,4,0,0,0,0,0,0,0,1,0,0,0,0,1,0,0,0,0,0,0,0.9394,0.817,0.8475,0.1337,0.4984,0.5882,0.4,0
4,5,0,0,0,0,0,0,0,1,0,0,0,0,0,0,0,1,0,0,0,0.9123,0.9135,0.9328,0.0998,0.4887,0.4588,0.3,0
3,4,0,0,0,0,0,0,0,1,0,0,0,0,0,0,0,1,0,0,0,0.9406,0.8522,0.8748,0.1123,0.4695,0.4824,0.3,0
3,4,0,0,0,0,0,0,1,0,0,0,0,0,1,0,0,0,0,0,0,0.9794,0.5476,0.6559,0.2977,0.5048,0.3882,0.2556,0
2,4,0,0,0,0,0,0,0,1,0,0,0,0,0,0,0,1,0,0,0,0.9406,0.8522,0.8748,0.1123,0.463,0.5176,0.2556,0
1,4,0,0,0,0,0,0,0,1,0,0,0,0,0,0,1,0,0,0,0,0.9419,0.6558,0.7365,0.139,0.5691,0.4118,0.4,0
8,6,0,0,0,0,0,0,0,1,0,0,0,0,0,0,0,0,0,1,0,0.9677,0.7926,0.8294,0.1497,0.537,0.5765,0.5,0
7,4,0,0,0,0,0,0,0,1,0,0,0,0,0,0,0,0,0,1,0,0.9406,0.9397,0.9513,0.1373,0.4277,0.6706,0.8444,0
2,5,0,0,0,0,0,0,0,1,0,0,0,0,0,0,0,0,0,1,0,0.9677,0.7926,0.8294,0.1497,0.537,0.5765,0.5,0
8,6,0,0,0,0,0,0,0,1,0,0,0,0,0,0,0,0,0,1,0,0.9677,0.7926,0.8294,0.1497,0.537,0.5765,0.5,0
1,4,0,0,0,0,0,0,0,0,1,0,0,0,0,0,0,0,0,0,1,0.9329,0.9483,0.9584,0.1266,0.3955,0.7176,0.8,0
6,5,0,1,0,0,0,0,0,0,0,0,0,0,0,1,0,0,0,0,0,0.7277,0.0114,0.0097,0.0339,0.0772,0.7882,0.6556,0
6,4,0,1,0,0,0,0,0,0,0,0,0,0,0,1,0,0,0,0,0,0.7277,0.0114,0.0097,0.0339,0.0932,0.7294,0.5556,0
2,2,0,1,0,0,0,0,0,0,0,0,0,0,0,0,0,0,0,1,0,0.7845,0.0086,0.0087,0.0321,0.0772,0.5176,0.0556,0
6,5,0,0,1,0,0,0,0,0,0,0,0,0,1,0,0,0,0,0,0,0.8839,0.0482,0.034,0.1266,0.2572,0.3529,0.6,0
3,4,0,0,1,0,0,0,0,0,0,0,0,0,0,0,1,0,0,0,0,0.9226,0.06,0.0389,0.1301,0.2894,0.3059,0.5556,0
6,5,0,0,1,0,0,0,0,0,0,0,0,0,0,0,0,1,0,0,0,0.9368,0.0672,0.0417,0.1515,0.3569,0.1412,0.3556,0
6,3,0,0,0,1,0,0,0,0,0,0,0,0,0,0,0,0,0,0,1,0.9329,0.0465,0.0208,0.2193,0.3698,0.2118,1,0
5,4,0,0,0,1,0,0,0,0,0,0,0,0,0,0,0,0,0,0,1,0.9329,0.0465,0.0208,0.2193,0.4952,0.1412,0.6,0
4,3,0,0,0,0,1,0,0,0,0,0,0,0,0,0,0,0,1,0,0,0.9148,0.0837,0.0772,0.1016,0.508,0.2941,0.4,0
8,3,0,0,0,0,0,1,0,0,0,0,0,0,1,0,0,0,0,0,0,0.8968,0.3277,0.2593,0.0838,0.3891,0.7529,0.4,0
9,4,0,0,0,0,0,1,0,0,0,0,0,0,0,0,0,0,0,1,0,0.9265,0.2068,0.287,0.1676,0.717,0.4118,0.3,0
4,3,0,0,0,0,0,1,0,0,0,0,0,0,0,0,0,1,0,0,0,0.9587,0.3539,0.3621,0.1925,0.7781,0.2353,0.2556,0
2,5,0,0,0,0,0,1,0,0,0,0,0,0,0,0,0,1,0,0,0,0.9677,0.4156,0.4014,0.3209,0.6592,0.2941,1,0
4,3,0,0,0,0,0,0,1,0,0,0,0,0,0,0,0,1,0,0,0,0.9652,0.2901,0.454,0.1765,0.8039,0.1529,0.1,0
4,3,0,0,0,0,0,0,1,0,0,0,0,0,0,0,0,0,0,0,1,0.9677,0.3453,0.4873,0.262,0.7685,0.3529,0.4,0
7,4,0,0,0,0,0,0,1,0,0,0,0,0,0,0,0,0,0,0,1,0.9677,0.3453,0.4873,0.262,0.5145,0.7882,0.4556,0
7,4,0,0,0,0,0,0,1,0,0,0,0,0,1,0,0,0,0,0,0,0.9097,0.3542,0.4969,0.1141,0.6559,0.4941,0.5,0
9,9,0,0,0,0,0,0,1,0,0,0,0,0,0,0,0,1,0,0,0,0.9613,0.3904,0.6475,0.1693,0.9003,0.1176,0.4556,0
4,3,0,0,0,0,0,0,1,0,0,0,0,0,0,0,0,1,0,0,0,0.9613,0.3904,0.6475,0.1693,0.9003,0.0824,0.5,0
3,4,0,0,0,0,0,0,0,1,0,0,0,0,0,0,0,0,0,0,1,0.9832,0.4452,0.6793,0.2513,0.6817,0.2941,0.6,0
8,6,0,0,0,0,0,0,0,1,0,0,0,0,0,0,0,0,0,0,1,0.9832,0.4452,0.6793,0.2513,0.926,0.1412,0.5556,0
2,5,0,0,0,0,0,0,0,1,0,0,0,0,0,0,0,0,0,0,1,0.9832,0.4452,0.6793,0.2513,0.9936,0.1176,0.4,0
2,4,0,0,0,0,0,0,0,1,0,0,0,0,1,0,0,0,0,0,0,0.9845,0.4631,0.69,0.3797,0.9132,0.1529,0.3556,0
5,4,0,0,0,0,0,0,0,1,0,0,0,0,0,1,0,0,0,0,0,0.9858,0.4831,0.7012,0.3155,0.7042,0.3294,0.6556,0
5,4,0,0,0,0,0,0,0,1,0,0,0,0,0,1,0,0,0,0,0,0.9858,0.4831,0.7012,0.3155,0.7781,0.2235,0.3556,0
4,4,0,0,0,0,0,0,0,1,0,0,0,0,0,1,0,0,0,0,0,0.9858,0.4831,0.7012,0.3155,0.5531,0.6588,0.8,0
4,4,0,0,0,0,0,0,0,1,0,0,0,0,0,0,1,0,0,0,0,0.9858,0.4831,0.7012,0.3155,0.5916,0.5059,0.1,0
4,4,0,0,0,0,0,0,0,1,0,0,0,0,0,0,1,0,0,0,0,0.9858,0.4831,0.7012,0.3155,0.8521,0.2118,0.4,0
4,4,0,0,0,0,0,0,0,1,0,0,0,0,0,0,0,1,0,0,0,0.9948,0.52,0.7226,0.246,0.9711,0.0706,0.4556,0
1,3,0,0,0,0,0,0,0,1,0,0,0,0,0,0,0,0,1,0,0,0.9961,0.5407,0.7338,0.2014,0.9711,0.1412,0.2,0
1,3,0,0,0,0,0,0,0,1,0,0,0,0,0,0,0,0,1,0,0,0.9961,0.5407,0.7338,0.2014,0.8135,0.1647,0.4556,0
6,6,0,0,0,0,0,0,0,1,0,0,0,0,0,0,0,0,0,1,0,0.9974,0.5613,0.7448,0.2496,0.9196,0.1765,0.5,0
6,6,0,0,0,0,0,0,0,1,0,0,0,0,1,0,0,0,0,0,0,1,0.601,0.7669,0.2995,0.6977,0.3176,0.2,0
4,5,0,0,0,0,0,0,0,1,0,0,0,0,1,0,0,0,0,0,0,1,0.601,0.7669,0.2995,0.9775,0.1294,0.3,0
3,4,0,0,0,0,0,0,0,1,0,0,0,0,0,1,0,0,0,0,0,0.9987,0.6203,0.7779,0.2549,0.9678,0.1412,0.2,0
6,5,0,0,0,0,0,0,0,1,0,0,0,0,0,1,0,0,0,0,0,0.9987,0.6203,0.7779,0.2549,1,0.1294,0.2556,0
7,5,0,0,0,0,0,0,0,1,0,0,0,0,0,1,0,0,0,0,0,0.9987,0.6203,0.7779,0.2549,0.8071,0.5647,0.5,1
8,6,0,0,0,0,0,0,0,1,0,0,0,0,0,1,0,0,0,0,0,0.9987,0.6203,0.7779,0.2549,0.6238,0.5882,0.5,0.125
7,5,0,0,0,0,0,0,0,1,0,0,0,0,0,1,0,0,0,0,0,0.9987,0.6203,0.7779,0.2549,0.6238,0.5882,0.5,0.125
4,4,0,0,0,0,0,0,0,1,0,0,0,0,0,1,0,0,0,0,0,0.9987,0.6203,0.7779,0.2549,0.5949,0.6353,0.5,0.0625
2,4,0,0,0,0,0,0,0,1,0,0,0,0,0,0,1,0,0,0,0,0.9781,0.4766,0.7989,0.3565,0.8682,0.1765,0.5,0
4,3,0,0,0,0,0,0,0,1,0,0,0,0,0,0,1,0,0,0,0,0.9781,0.4766,0.7989,0.3565,0.8585,0.1647,0.5,0
1,2,0,0,0,0,0,0,0,1,0,0,0,0,0,0,0,1,0,0,0,0.9329,0.5586,0.8637,0.18,0.7878,0.2353,0.1556,0
1,2,0,0,0,0,0,0,0,1,0,0,0,0,0,0,0,0,1,0,0,0.9329,0.5713,0.8733,0.1266,0.5241,0.6824,0.9,0
2,4,0,0,0,0,0,0,0,1,0,0,0,0,0,0,0,0,1,0,0,0.9329,0.5713,0.8733,0.1266,0.7621,0.3059,0.3556,0
1,2,0,0,0,0,0,0,0,1,0,0,0,0,0,0,0,0,1,0,0,0.9329,0.5713,0.8733,0.1266,0.7621,0.3059,0.3556,0
5,4,0,0,0,0,0,0,0,1,0,0,0,0,0,0,0,0,1,0,0,0.9329,0.5713,0.8733,0.1266,0.6077,0.6588,0.8,0.2188
6,5,0,0,0,0,0,0,0,1,0,0,0,0,0,0,0,0,1,0,0,0.9329,0.5713,0.8733,0.1266,0.5145,0.5529,0.5556,0
8,6,0,0,0,0,0,0,0,1,0,0,0,0,0,0,0,0,0,0,1,0.8116,0.1916,0.7713,0.0339,0.8232,0.2353,0.2556,0
4,3,0,0,0,0,0,0,0,1,0,0,0,0,0,0,0,0,0,0,1,0.8116,0.1916,0.7713,0.0339,0.8232,0.2,0.2556,0
2,4,0,0,0,0,0,0,0,1,0,0,0,0,0,0,0,0,0,0,1,0.8116,0.1916,0.7713,0.0339,0.6334,0.6588,0.6,0
7,4,0,0,0,0,0,0,0,1,0,0,0,0,0,0,0,0,0,0,1,0.8116,0.1916,0.7713,0.0339,0.6109,0.6471,0.7,0
1,4,0,0,0,0,0,0,0,1,0,0,0,0,0,0,0,0,0,1,0,0.9768,0.4993,0.7116,0.2014,0.7524,0.3176,0.4,0
6,3,0,0,0,0,0,0,0,0,0,0,1,0,0,1,0,0,0,0,0,0.7845,0.0065,0.1159,0.0196,0.3087,0.1882,0.4556,0
