7,5,0,0,1,0,0,0,0,0,0,0,0,0,0,0,0,0,1,0,0,0.87,0.09,0.10,0.09,0.19,0.42,0.70,0.00
7,4,0,0,0,0,0,0,0,0,0,1,0,0,0,1,0,0,0,0,0,0.93,0.12,0.78,0.12,0.51,0.21,0.06,0.00
7,4,0,0,0,0,0,0,0,0,0,1,0,0,0,0,0,0,0,1,0,0.93,0.15,0.80,0.12,0.40,0.21,0.10,0.00
8,6,0,0,1,0,0,0,0,0,0,0,0,0,0,0,0,0,1,0,0,0.94,0.11,0.08,0.16,0.20,0.96,0.40,0.03
8,6,0,0,1,0,0,0,0,0,0,0,0,0,0,0,0,0,0,0,1,0.91,0.17,0.11,0.17,0.30,0.99,0.16,0.00
8,6,0,0,0,0,0,0,0,1,0,0,0,0,0,0,0,0,0,0,1,0.95,0.29,0.56,0.26,0.64,0.16,0.56,0.00
8,6,0,0,0,0,0,0,0,1,0,0,0,0,1,0,0,0,0,0,0,0.95,0.30,0.57,0.15,0.70,0.14,0.30,0.00
8,6,0,0,0,0,0,0,0,1,0,0,0,0,1,0,0,0,0,0,0,0.94,0.50,0.70,0.19,0.19,0.84,0.20,0.00
8,6,0,0,0,0,0,0,0,0,1,0,0,0,0,1,0,0,0,0,0,0.93,0.44,0.80,0.12,0.35,0.56,0.56,0.00
7,5,0,0,0,0,0,0,0,0,1,0,0,0,0,0,0,0,0,1,0,0.95,0.30,0.81,0.13,0.66,0.29,0.40,0.00
7,5,0,0,0,0,0,0,0,0,1,0,0,0,0,0,0,0,0,1,0,0.95,0.30,0.81,0.13,0.50,0.42,0.76,0.00
7,5,0,0,0,0,0,0,0,0,1,0,0,0,0,0,0,0,0,1,0,0.96,0.25,0.83,0.40,0.55,0.27,0.40,0.00
6,5,0,0,0,0,0,0,0,1,0,0,0,0,0,0,0,0,1,0,0,0.58,0.24,0.77,0.01,0.48,0.67,0.70,0.00
6,5,0,0,0,0,0,0,0,0,1,0,0,0,1,0,0,0,0,0,0,0.93,0.43,0.80,0.12,0.61,0.32,0.20,0.00
6,5,0,0,0,0,0,0,0,0,1,0,0,0,0,0,1,0,0,0,0,0.96,0.46,0.81,0.16,0.78,0.07,0.46,0.00
6,5,0,0,0,0,0,0,0,0,1,0,0,0,0,0,0,0,1,0,0,0.96,0.48,0.83,0.25,0.67,0.34,0.56,0.00
5,5,0,0,1,0,0,0,0,0,0,0,0,0,0,0,0,0,0,1,0,0.94,0.12,0.09,0.14,0.41,0.14,0.56,0.00
8,5,0,0,0,0,0,0,0,0,0,1,0,0,1,0,0,0,0,0,0,0.85,0.11,0.77,0.05,0.47,0.38,0.50,0.00
6,4,0,0,1,0,0,0,0,0,0,0,0,0,0,0,1,0,0,0,0,0.91,0.09,0.07,0.11,0.44,0.24,0.40,0.00
6,4,0,0,0,1,0,0,0,0,0,0,0,0,0,0,0,0,0,1,0,0.87,0.09,0.10,0.09,0.23,0.34,0.46,0.00
6,4,0,0,0,0,0,0,0,0,1,0,0,0,0,1,0,0,0,0,0,0.93,0.44,0.80,0.12,0.52,0.29,0.26,0.00
5,4,0,0,0,0,0,0,0,0,1,0,0,0,1,0,0,0,0,0,0,0.94,0.27,0.84,0.16,0.54,0.27,0.26,0.00
7,4,0,0,0,0,0,1,0,0,0,0,0,0,0,0,0,0,0,0,1,0.98,0.33,0.23,1.00,0.60,0.34,0.46,0.00
7,4,0,0,0,0,0,0,0,1,0,0,0,0,0,0,0,0,0,1,0,0.92,0.38,0.62,0.11,0.56,0.33,0.60,0.00
7,4,0,0,0,0,0,0,0,1,0,0,0,0,0,0,0,0,0,1,0,0.97,0.48,0.69,0.36,0.69,0.20,0.60,0.00
7,4,0,0,0,0,0,0,0,1,0,0,0,0,0,0,0,0,0,0,1,0.94,0.49,0.70,0.19,0.45,0.53,0.56,0.00
7,4,0,0,0,0,0,0,0,0,1,0,0,0,0,0,0,0,1,0,0,0.95,0.40,0.77,0.22,0.54,0.22,0.60,0.00
7,4,0,0,0,0,0,0,0,0,1,0,0,0,1,0,0,0,0,0,0,0.93,0.43,0.80,0.12,0.55,0.39,0.10,0.00
6,3,0,0,0,0,0,0,0,0,1,0,0,0,0,0,0,0,0,1,0,0.96,0.50,0.84,0.14,0.90,0.11,0.26,0.00
6,3,0,0,0,0,0,0,0,0,1,0,0,0,0,0,0,0,0,0,1,0.97,0.51,0.85,0.14,0.66,0.28,0.36,0.00
6,3,0,0,0,0,0,0,0,0,1,0,0,0,0,0,0,0,1,0,0,0.98,0.29,0.80,0.28,0.75,0.11,0.36,0.00
6,3,0,0,0,0,0,0,0,0,1,0,0,0,1,0,0,0,0,0,0,0.90,0.31,0.82,0.13,0.29,0.74,0.80,0.00
6,3,0,0,0,0,0,0,0,0,1,0,0,0,0,0,0,0,1,0,0,0.90,0.24,0.82,0.10,0.59,0.26,0.16,0.00
6,3,0,0,0,0,0,0,0,0,1,0,0,0,0,0,0,0,0,0,1,0.94,0.26,0.83,0.14,0.50,0.28,0.36,0.00
6,3,0,0,0,0,0,0,0,0,1,0,0,0,1,0,0,0,0,0,0,0.94,0.27,0.84,0.16,0.61,0.20,0.26,0.00
6,3,0,0,0,0,0,0,0,0,1,0,0,0,0,1,0,0,0,0,0,0.92,0.27,0.85,0.11,0.51,0.55,0.46,0.00
6,3,0,0,0,0,0,0,0,0,0,1,0,0,0,1,0,0,0,0,0,0.93,0.12,0.78,0.12,0.63,0.11,0.46,0.00
7,4,0,0,0,0,0,0,0,0,0,1,0,0,0,0,0,0,1,0,0,0.92,0.14,0.79,0.16,0.29,0.53,0.56,0.00
7,3,0,0,0,0,0,0,0,0,0,1,0,0,0,0,0,0,0,1,0,0.93,0.15,0.80,0.12,0.50,0.14,0.40,0.00
4,4,0,0,1,0,0,0,0,0,0,0,0,0,0,1,0,0,0,0,0,0.90,0.08,0.07,0.07,0.38,0.33,0.26,0.00
4,4,0,0,0,0,0,0,1,0,0,0,0,0,0,1,0,0,0,0,0,0.78,0.21,0.42,0.03,0.68,0.26,0.30,0.00
4,4,0,0,0,0,0,0,0,1,0,0,0,0,0,0,0,0,0,1,0,0.92,0.33,0.72,0.16,0.52,0.32,0.70,0.00
4,4,0,0,0,0,0,0,0,1,0,0,0,0,0,1,0,0,0,0,0,0.98,0.37,0.75,0.30,0.46,0.46,0.56,0.00
4,4,0,0,0,0,0,0,0,0,1,0,0,0,0,0,0,0,0,1,0,0.95,0.30,0.81,0.13,0.56,0.39,0.26,0.00
4,4,0,0,0,0,0,0,0,0,1,0,0,0,0,0,1,0,0,0,0,0.92,0.28,0.85,0.11,0.34,0.69,0.50,0.00
5,6,0,0,0,0,0,0,0,0,1,0,0,0,0,0,1,0,0,0,0,0.98,0.29,0.80,0.28,0.76,0.11,0.40,0.00
5,6,0,0,0,0,0,0,0,0,1,0,0,0,1,0,0,0,0,0,0,0.93,0.43,0.80,0.12,0.40,0.65,0.36,0.00
6,6,0,0,0,0,0,0,1,0,0,0,0,0,1,0,0,0,0,0,0,0.97,0.21,0.51,0.20,0.67,0.25,0.30,0.00
4,4,0,0,1,0,0,0,0,0,0,0,0,0,1,0,0,0,0,0,0,0.88,0.08,0.07,0.07,0.31,0.24,0.16,0.00
4,4,0,0,1,0,0,0,0,0,0,0,0,0,1,0,0,0,0,0,0,0.89,0.18,0.11,0.09,0.28,0.36,0.60,0.00
4,4,0,0,0,0,0,0,0,0,1,0,0,0,0,0,0,1,0,0,0,0.96,0.47,0.82,0.16,0.60,0.02,0.10,0.00
4,3,0,0,0,0,0,0,0,1,0,0,0,0,0,0,0,0,0,0,1,0.92,0.34,0.73,0.11,0.62,0.22,0.20,0.00
4,3,0,0,0,0,0,0,0,1,0,0,0,0,0,0,1,0,0,0,0,0.95,0.38,0.76,0.17,0.59,0.32,0.50,0.00
4,3,0,0,0,0,0,0,0,1,0,0,0,0,0,0,1,0,0,0,0,0.95,0.38,0.76,0.17,0.59,0.32,0.50,0.00
4,3,0,0,0,0,0,0,0,1,0,0,0,0,0,0,0,1,0,0,0,0.94,0.39,0.77,0.11,0.50,0.35,0.36,0.00
4,3,0,0,0,0,0,0,0,0,1,0,0,0,0,0,0,1,0,0,0,0.96,0.47,0.82,0.16,0.82,0.11,0.20,0.00
4,3,0,0,0,0,0,0,0,0,1,0,0,0,0,1,0,0,0,0,0,0.92,0.27,0.85,0.11,0.50,0.56,0.50,0.00
4,3,0,0,0,0,0,0,0,0,0,1,0,0,0,0,0,0,0,0,1,0.95,0.16,0.80,0.16,0.37,0.41,0.26,0.00
2,2,0,1,0,0,0,0,0,0,0,0,0,0,1,0,0,0,0,0,0,0.84,0.03,0.03,0.04,0.38,0.29,0.56,0.00
2,2,0,1,0,0,0,0,0,0,0,0,0,0,0,0,0,0,1,0,0,0.88,0.04,0.04,0.09,0.32,0.42,0.06,0.00
2,2,0,0,1,0,0,0,0,0,0,0,0,0,0,0,0,0,0,0,1,0.91,0.17,0.11,0.17,0.30,0.28,0.60,0.00
2,2,0,0,1,0,0,0,0,0,0,0,0,0,0,0,0,0,0,0,1,0.91,0.17,0.11,0.17,0.11,0.52,0.66,0.00
2,2,0,0,0,0,0,0,0,1,0,0,0,0,0,0,0,1,0,0,0,0.96,0.26,0.54,0.14,0.53,0.24,0.50,0.00
2,2,0,0,0,0,0,0,0,1,0,0,0,0,0,0,0,0,0,0,1,0.92,0.34,0.73,0.11,0.60,0.21,0.26,0.00
2,2,0,0,0,0,0,0,0,1,0,0,0,0,1,0,0,0,0,0,0,0.93,0.35,0.74,0.10,0.67,0.19,0.30,0.00
2,2,0,0,0,0,0,0,0,1,0,0,0,0,0,0,0,1,0,0,0,0.94,0.39,0.77,0.11,0.53,0.34,0.46,0.00
2,2,0,0,0,0,0,0,0,0,1,0,0,0,0,0,0,0,1,0,0,0.95,0.40,0.77,0.22,0.67,0.26,0.46,0.00
2,2,0,0,0,0,0,0,0,0,1,0,0,0,0,0,0,0,1,0,0,0.95,0.40,0.77,0.22,0.56,0.21,0.56,0.00
2,2,0,0,0,0,0,0,0,0,1,0,0,0,0,0,0,0,1,0,0,0.95,0.40,0.77,0.22,0.56,0.21,0.66,0.00
4,5,0,0,1,0,0,0,0,0,0,0,0,0,0,0,0,0,1,0,0,0.94,0.11,0.08,0.16,0.48,0.13,0.46,0.00
4,5,0,0,1,0,0,0,0,0,0,0,0,0,0,0,0,0,1,0,0,0.94,0.16,0.11,0.22,0.44,0.14,0.80,0.00
4,5,0,0,0,0,0,0,0,0,1,0,0,0,0,0,0,0,1,0,0,0.98,0.29,0.80,0.28,0.50,0.26,0.36,0.00
5,4,0,0,1,0,0,0,0,0,0,0,0,0,0,0,0,0,1,0,0,0.94,0.11,0.08,0.16,0.43,0.12,0.66,0.00
5,4,0,0,0,0,0,0,0,1,0,0,0,0,0,1,0,0,0,0,0,0.90,0.50,0.71,0.16,0.49,0.33,0.46,0.00
5,4,0,0,0,0,0,0,0,0,1,0,0,0,0,0,0,0,1,0,0,0.96,0.48,0.83,0.25,0.82,0.18,0.10,0.00
9,9,0,1,0,0,0,0,0,0,0,0,0,0,0,0,0,1,0,0,0,0.85,0.02,0.02,0.14,0.14,0.75,0.30,0.00
9,9,0,1,0,0,0,0,0,0,0,0,0,0,0,0,0,0,1,0,0,0.88,0.04,0.04,0.09,0.43,0.33,0.30,0.00
1,3,0,0,1,0,0,0,0,0,0,0,0,0,1,0,0,0,0,0,0,0.89,0.18,0.11,0.09,0.20,0.67,0.30,0.00
1,2,0,0,0,0,0,0,0,1,0,0,0,0,0,0,0,0,1,0,0,0.92,0.37,0.61,0.22,0.40,0.60,0.26,0.00
1,2,0,0,0,0,0,0,0,1,0,0,0,0,0,1,0,0,0,0,0,0.93,0.41,0.65,0.12,0.62,0.05,0.70,0.00
1,2,0,0,0,0,0,0,0,1,0,0,0,0,0,0,0,0,0,0,1,0.94,0.49,0.70,0.19,0.56,0.28,0.66,0.00
1,2,0,0,0,0,0,0,0,1,0,0,0,0,0,0,0,0,0,0,1,0.92,0.34,0.73,0.11,0.50,0.34,0.20,0.00
1,2,0,0,0,0,0,0,0,1,0,0,0,0,0,1,0,0,0,0,0,0.98,0.37,0.75,0.30,0.53,0.42,0.46,0.00
1,2,0,0,0,0,0,0,0,1,0,0,0,0,0,0,1,0,0,0,0,0.95,0.38,0.76,0.17,0.46,0.38,0.06,0.00
1,2,0,0,0,0,0,0,0,1,0,0,0,0,0,0,0,1,0,0,0,0.94,0.39,0.77,0.11,0.58,0.35,0.36,0.00
1,2,0,0,0,0,0,0,0,0,1,0,0,0,0,0,0,1,0,0,0,0.96,0.47,0.82,0.16,0.62,0.00,0.06,0.00
1,2,0,0,0,0,0,0,0,0,1,0,0,0,0,0,0,1,0,0,0,0.96,0.47,0.82,0.16,0.75,0.14,0.20,0.00
1,2,0,0,0,0,0,0,0,0,1,0,0,0,0,0,0,1,0,0,0,0.96,0.47,0.82,0.16,0.65,0.22,0.20,0.00
1,2,0,0,0,0,0,0,0,0,1,0,0,0,0,0,0,0,0,0,1,0.97,0.51,0.85,0.14,0.74,0.25,0.36,0.00
6,5,0,0,1,0,0,0,0,0,0,0,0,0,0,0,0,0,0,1,0,0.94,0.12,0.09,0.14,0.49,0.12,0.50,0.00
6,5,0,0,0,0,0,0,0,1,0,0,0,0,0,0,0,0,0,1,0,0.92,0.33,0.72,0.16,0.40,0.52,0.60,0.00
8,6,0,0,1,0,0,0,0,0,0,0,0,0,0,0,0,0,1,0,0,0.94,0.12,0.09,0.14,0.49,0.11,0.56,0.00
8,6,0,0,0,0,0,0,0,1,0,0,0,0,0,0,0,0,0,0,1,0.95,0.29,0.56,0.26,0.60,0.20,0.66,0.00
8,6,0,0,0,0,0,0,0,1,0,0,0,0,0,0,0,0,0,0,1,0.94,0.49,0.70,0.19,0.51,0.33,0.50,0.00
8,6,0,0,0,0,0,0,0,1,0,0,0,0,1,0,0,0,0,0,0,0.93,0.35,0.74,0.10,0.68,0.08,0.26,0.00
4,4,0,0,0,0,0,0,0,0,1,0,0,0,0,0,0,0,0,0,1,0.92,0.31,0.82,0.09,0.50,0.58,0.10,0.00
3,4,0,1,0,0,0,0,0,0,0,0,0,0,0,0,0,0,0,1,0,0.84,0.02,0.03,0.05,0.34,0.39,0.16,0.00
3,4,0,0,1,0,0,0,0,0,0,0,0,0,0,0,0,0,0,1,0,0.65,0.00,0.01,0.01,0.49,0.11,0.56,0.00
3,4,0,0,0,0,0,0,0,1,0,0,0,0,0,0,0,0,0,0,1,0.94,0.49,0.70,0.19,0.30,0.85,0.46,0.00
3,4,0,0,0,0,0,0,0,1,0,0,0,0,0,0,0,0,0,0,1,0.94,0.49,0.70,0.19,0.57,0.28,0.56,0.00
3,4,0,0,0,0,0,0,0,1,0,0,0,0,0,0,0,0,0,0,1,0.94,0.49,0.70,0.19,0.57,0.28,0.56,0.00
3,4,0,0,0,0,0,0,0,1,0,0,0,0,0,1,0,0,0,0,0,0.90,0.50,0.71,0.16,0.39,0.60,0.56,0.00
2,4,0,0,0,0,0,0,0,1,0,0,0,0,0,1,0,0,0,0,0,0.98,0.37,0.75,0.30,0.58,0.29,0.40,0.00
2,4,0,0,0,0,0,0,0,0,1,0,0,0,0,0,0,0,0,1,0,0.95,0.41,0.78,0.15,0.70,0.16,0.46,0.00
2,4,1,0,0,0,0,0,0,0,0,0,0,0,0,0,0,0,0,1,0,0.82,0.01,0.00,0.05,0.10,0.74,0.30,0.00
4,5,0,0,1,0,0,0,0,0,0,0,0,0,0,0,0,0,1,0,0,0.87,0.06,0.06,0.05,0.34,0.44,0.66,0.00
4,5,0,0,1,0,0,0,0,0,0,0,0,0,0,0,0,1,0,0,0,0.94,0.10,0.08,0.13,0.51,0.16,0.30,0.00
4,5,0,0,0,0,0,0,0,1,0,0,0,0,0,0,0,0,0,0,1,0.92,0.34,0.73,0.11,0.62,0.21,0.30,0.00
4,5,0,0,0,0,0,0,0,0,1,0,0,0,0,0,0,0,0,1,0,0.95,0.30,0.81,0.13,0.58,0.35,0.30,0.00
4,5,0,0,0,0,0,0,0,0,1,0,0,0,1,0,0,0,0,0,0,0.90,0.31,0.82,0.13,0.49,0.48,0.56,0.00
4,4,0,0,1,0,0,0,0,0,0,0,0,0,0,0,0,0,1,0,0,0.87,0.06,0.06,0.05,0.37,0.33,0.60,0.00
3,4,0,0,1,0,0,0,0,0,0,0,0,0,0,0,0,0,1,0,0,0.94,0.11,0.08,0.16,0.53,0.04,0.46,0.00
3,4,0,0,0,0,0,0,0,0,1,0,0,0,0,0,0,0,0,0,1,0.92,0.31,0.82,0.09,0.66,0.28,0.36,0.00
3,4,0,0,0,0,0,0,0,0,1,0,0,0,1,0,0,0,0,0,0,0.94,0.27,0.84,0.16,0.54,0.24,0.26,0.00
3,4,0,0,1,0,0,0,0,0,0,0,0,0,0,1,0,0,0,0,0,0.90,0.08,0.07,0.07,0.44,0.14,0.80,0.00
3,5,0,0,1,0,0,0,0,0,0,0,0,0,0,1,0,0,0,0,0,0.90,0.08,0.07,0.07,0.43,0.14,0.66,0.00
3,4,0,0,1,0,0,0,0,0,0,0,0,0,0,0,0,0,0,1,0,0.94,0.12,0.09,0.14,0.30,0.18,0.66,0.00
3,4,0,0,1,0,0,0,0,0,0,0,0,0,0,0,0,0,0,1,0,0.94,0.12,0.09,0.14,0.42,0.14,0.50,0.00
3,4,0,0,1,0,0,0,0,0,0,0,0,0,1,0,0,0,0,0,0,0.92,0.13,0.09,0.11,0.27,0.18,0.40,0.00
3,4,0,0,0,0,0,0,0,1,0,0,0,0,0,0,0,1,0,0,0,0.96,0.26,0.54,0.14,0.56,0.25,0.30,0.00
3,4,0,0,0,0,0,0,0,1,0,0,0,0,1,0,0,0,0,0,0,0.94,0.50,0.70,0.19,0.26,0.69,0.20,0.00
3,4,0,0,0,0,0,0,0,1,0,0,0,0,1,0,0,0,0,0,0,0.94,0.50,0.70,0.19,0.48,0.33,0.56,0.00
3,4,0,0,0,0,0,0,0,0,1,0,0,0,0,0,0,0,0,0,1,0.95,0.42,0.79,0.15,0.65,0.32,0.56,0.00
3,4,0,0,0,0,0,0,0,0,1,0,0,0,0,1,0,0,0,0,0,0.85,0.25,0.78,0.06,0.50,0.35,0.30,0.00
3,4,0,0,0,0,0,0,0,0,1,0,0,0,0,0,0,0,1,0,0,0.98,0.29,0.80,0.28,0.57,0.41,0.56,0.00
3,4,0,0,0,0,0,0,0,0,0,1,0,0,0,0,0,0,0,0,1,0.95,0.16,0.80,0.16,0.59,0.11,0.56,0.00
3,5,0,0,1,0,0,0,0,0,0,0,0,0,1,0,0,0,0,0,0,0.89,0.18,0.11,0.09,0.22,0.40,0.20,0.00
3,5,0,0,0,0,0,0,0,0,1,0,0,0,0,0,0,0,1,0,0,0.97,0.51,0.85,0.14,0.48,0.33,0.30,0.00
3,5,0,0,0,0,0,0,0,0,0,1,0,0,0,0,1,0,0,0,0,0.94,0.13,0.78,0.09,0.44,0.36,0.36,0.00
2,5,0,0,0,0,0,0,0,0,0,1,0,0,0,0,0,0,0,0,1,0.95,0.16,0.80,0.16,0.42,0.24,0.06,0.00
4,6,0,1,0,0,0,0,0,0,0,0,0,0,0,0,0,0,0,1,0,0.64,0.07,0.09,0.01,0.42,0.29,0.26,0.00
4,6,0,0,1,0,0,0,0,0,0,0,0,0,1,0,0,0,0,0,0,0.88,0.08,0.07,0.07,0.38,0.28,0.30,0.00
4,6,0,0,1,0,0,0,0,0,0,0,0,0,0,0,0,0,0,0,1,0.91,0.17,0.11,0.17,0.27,0.36,0.50,0.00
4,6,0,0,0,0,0,0,0,0,1,0,0,0,0,0,0,1,0,0,0,0.97,0.28,0.79,0.32,0.50,0.32,0.30,0.00
3,5,0,0,1,0,0,0,0,0,0,0,0,0,0,1,0,0,0,0,0,0.90,0.08,0.07,0.07,0.41,0.27,0.26,0.00
3,5,0,0,0,0,0,0,0,1,0,0,0,0,0,0,0,0,0,1,0,0.97,0.48,0.69,0.36,0.50,0.44,0.60,0.00
3,6,0,0,0,0,0,0,0,0,1,0,0,0,0,0,0,0,0,0,1,0.95,0.42,0.79,0.15,0.48,0.51,0.10,0.00
3,6,0,0,0,0,0,0,0,0,1,0,0,0,1,0,0,0,0,0,0,0.93,0.43,0.80,0.12,0.43,0.60,0.30,0.00
9,9,0,0,0,0,0,0,1,0,0,0,0,0,0,1,0,0,0,0,0,0.87,0.16,0.36,0.07,0.51,0.32,0.26,0.00
1,4,0,0,0,0,0,0,0,0,1,0,0,0,0,1,0,0,0,0,0,0.93,0.44,0.80,0.12,0.63,0.27,0.20,0.00
2,5,0,0,0,0,0,0,0,0,1,0,0,0,1,0,0,0,0,0,0,0.93,0.43,0.80,0.12,0.63,0.28,0.16,0.00
1,2,0,0,0,0,0,0,0,1,0,0,0,0,0,0,1,0,0,0,0,0.99,0.34,0.59,0.24,0.68,0.19,0.46,0.00
8,6,0,0,0,0,0,0,0,1,0,0,0,0,0,0,0,0,1,0,0,0.92,0.37,0.61,0.22,0.61,0.42,0.94,0.00
1,2,0,0,0,0,0,0,1,0,0,0,0,0,0,0,0,0,0,1,0,0.92,0.17,0.34,0.16,0.46,0.45,0.56,0.00
2,5,0,0,0,0,0,0,0,1,0,0,0,0,0,0,1,0,0,0,0,0.99,0.34,0.59,0.24,0.69,0.20,0.56,0.00
6,5,0,0,0,0,0,0,0,1,0,0,0,0,0,0,0,1,0,0,0,0.99,0.45,0.67,0.19,0.81,0.08,0.40,0.00
5,4,0,0,1,0,0,0,0,0,0,0,0,0,1,0,0,0,0,0,0,0.92,0.13,0.09,0.11,0.35,0.29,0.56,0.00
8,3,0,0,0,0,0,0,0,0,1,0,0,0,0,1,0,0,0,0,0,0.85,0.25,0.78,0.06,0.71,0.15,0.36,0.00
2,2,0,0,0,0,0,0,0,1,0,0,0,0,0,1,0,0,0,0,0,0.98,0.37,0.75,0.30,0.49,0.33,0.70,0.00
8,6,0,0,0,0,0,0,0,0,1,0,0,0,0,0,0,1,0,0,0,0.97,0.28,0.79,0.32,0.69,0.12,0.46,0.00
6,5,0,0,0,0,0,1,0,0,0,0,0,0,0,0,0,0,1,0,0,0.95,0.19,0.50,0.13,0.68,0.28,0.56,0.00
9,9,0,0,0,0,0,0,1,0,0,0,0,0,0,0,0,0,0,0,1,0.92,0.23,0.41,0.13,0.73,0.16,0.20,0.00
3,4,0,0,0,0,0,0,1,0,0,0,0,0,0,0,0,0,0,1,0,0.92,0.17,0.49,0.11,0.72,0.33,0.16,0.00
5,4,0,0,0,0,0,0,0,0,1,0,0,0,0,0,0,0,1,0,0,0.98,0.29,0.80,0.28,0.58,0.38,0.50,0.00
1,5,0,0,0,0,0,0,0,0,1,0,0,0,0,0,0,0,0,1,0,0.96,0.50,0.84,0.14,0.88,0.14,0.26,0.00
7,4,0,0,0,0,0,0,0,1,0,0,0,0,0,0,0,0,0,0,1,0.98,0.37,0.75,0.30,0.46,0.38,0.10,0.00
2,4,0,0,0,0,0,0,0,0,1,0,0,0,0,0,0,0,0,1,0,0.96,0.50,0.84,0.14,0.85,0.14,0.20,0.00
2,2,0,0,0,0,0,0,0,1,0,0,0,0,0,0,1,0,0,0,0,0.95,0.38,0.76,0.17,0.52,0.35,0.36,0.00
2,4,0,0,0,0,0,0,0,1,0,0,0,0,0,0,1,0,0,0,0,0.95,0.38,0.76,0.17,0.59,0.24,0.40,0.00
7,4,0,0,0,0,0,0,0,0,1,0,0,0,0,0,0,0,1,0,0,0.95,0.40,0.77,0.22,0.54,0.22,0.60,0.00
7,4,0,0,1,0,0,0,0,0,0,0,0,0,1,0,0,0,0,0,0,0.92,0.13,0.09,0.11,0.45,0.16,0.30,0.00
6,4,0,0,0,0,0,0,0,1,0,0,0,0,0,0,0,1,0,0,0,0.99,0.45,0.67,0.19,0.58,0.31,0.40,0.00
6,3,0,0,1,0,0,0,0,0,0,0,0,0,0,0,0,0,0,1,0,0.93,0.17,0.11,0.14,0.42,0.19,0.90,0.00
8,6,0,0,0,0,0,0,0,0,1,0,0,0,0,0,0,0,0,1,0,0.95,0.41,0.78,0.15,0.50,0.48,0.16,0.00
8,5,0,0,0,0,0,0,0,0,1,0,0,0,0,0,0,0,0,0,1,0.92,0.31,0.82,0.09,0.50,0.61,0.20,0.00
6,5,0,0,1,0,0,0,0,0,0,0,0,0,0,0,0,1,0,0,0,0.85,0.06,0.06,0.05,0.10,0.65,0.46,0.00
6,5,0,0,0,0,0,0,0,1,0,0,0,0,0,0,1,0,0,0,0,0.95,0.38,0.76,0.17,0.46,0.38,0.06,0.00
6,5,0,0,0,0,0,0,0,1,0,0,0,0,0,0,1,0,0,0,0,1.00,0.43,0.66,0.29,0.68,0.21,0.46,0.00
6,5,0,0,1,0,0,0,0,0,0,0,0,0,0,0,0,0,1,0,0,0.94,0.16,0.11,0.22,0.40,0.13,1.00,0.00
8,6,0,0,0,0,0,0,0,1,0,0,0,0,0,0,0,1,0,0,0,0.99,0.45,0.67,0.19,0.59,0.35,0.20,0.00
5,4,0,0,0,0,0,0,0,0,1,0,0,0,0,0,1,0,0,0,0,0.96,0.46,0.81,0.16,0.63,0.24,0.16,0.00
8,6,0,0,0,0,0,0,0,1,0,0,0,0,0,0,1,0,0,0,0,0.86,0.31,0.71,0.12,0.49,0.41,0.40,0.00
7,4,0,0,0,0,0,0,0,1,0,0,0,0,0,0,0,0,0,0,1,0.94,0.49,0.70,0.19,0.58,0.28,0.56,0.00
4,4,0,0,0,0,0,0,0,0,1,0,0,0,1,0,0,0,0,0,0,0.93,0.43,0.80,0.12,0.50,0.28,0.20,0.00
1,4,0,0,0,0,0,0,0,1,0,0,0,0,0,0,0,0,0,1,0,0.92,0.33,0.72,0.16,0.39,0.45,0.16,0.00
1,4,0,0,0,0,0,0,0,1,0,0,0,0,0,0,0,0,0,1,0,0.92,0.33,0.72,0.16,0.58,0.28,0.50,0.00
6,5,0,0,0,1,0,0,0,0,0,0,0,0,0,0,0,1,0,0,0,0.81,0.03,0.06,0.05,0.12,0.46,0.60,0.00
2,5,0,0,0,0,0,0,0,1,0,0,0,0,0,0,0,0,0,0,1,0.92,0.34,0.73,0.11,0.55,0.34,0.26,0.00
2,5,0,0,0,0,0,0,0,0,1,0,0,0,0,0,1,0,0,0,0,0.92,0.28,0.85,0.11,0.52,0.35,0.20,0.00
8,6,0,0,0,0,0,0,0,1,0,0,0,0,0,1,0,0,0,0,0,0.90,0.50,0.71,0.16,0.39,0.60,0.56,0.00
1,3,0,0,0,0,0,0,0,0,1,0,0,0,0,0,0,0,0,0,1,0.95,0.42,0.79,0.15,0.70,0.20,0.70,0.00
8,6,0,0,0,0,0,0,0,0,0,1,0,0,1,0,0,0,0,0,0,0.85,0.11,0.77,0.05,0.54,0.20,0.40,0.00
5,4,0,1,0,0,0,0,0,0,0,0,0,0,0,0,0,0,0,0,1,0.88,0.05,0.05,0.07,0.33,0.45,0.20,0.00
7,4,0,0,0,0,0,0,0,0,0,1,0,0,1,0,0,0,0,0,0,0.94,0.16,0.81,0.20,0.47,0.35,0.46,0.00
8,6,0,0,0,0,0,0,0,1,0,0,0,0,0,0,0,0,1,0,0,0.97,0.46,0.68,0.27,0.60,0.22,0.50,0.00
2,5,0,0,0,0,0,0,0,0,1,0,0,0,0,1,0,0,0,0,0,0.93,0.44,0.80,0.12,0.50,0.36,0.30,0.00
8,6,0,0,1,0,0,0,0,0,0,0,0,0,0,0,0,0,0,0,1,0.91,0.17,0.11,0.17,0.30,0.28,0.60,0.00
1,5,0,0,0,0,0,0,0,0,1,0,0,0,1,0,0,0,0,0,0,0.93,0.43,0.80,0.12,0.60,0.32,0.20,0.00
6,4,0,0,1,0,0,0,0,0,0,0,0,0,0,0,0,0,0,1,0,0.93,0.14,0.10,0.14,0.36,0.32,0.06,0.00
7,4,0,0,1,0,0,0,0,0,0,0,0,0,0,0,0,0,0,0,1,0.93,0.15,0.10,0.10,0.30,0.53,0.40,0.00
6,5,0,0,1,0,0,0,0,0,0,0,0,0,0,0,0,0,1,0,0,0.94,0.16,0.11,0.22,0.31,0.21,0.40,0.00
2,5,0,0,0,0,0,0,0,1,0,0,0,0,0,0,0,1,0,0,0,0.99,0.45,0.67,0.19,0.71,0.15,0.26,0.00
2,2,0,0,0,0,0,0,0,1,0,0,0,0,0,1,0,0,0,0,0,0.98,0.37,0.75,0.30,0.72,0.08,0.46,0.00
4,5,0,0,0,0,0,0,0,0,1,0,0,0,0,0,1,0,0,0,0,0.96,0.46,0.81,0.16,0.71,0.12,0.40,0.00
2,2,0,0,0,0,0,0,0,1,0,0,0,0,0,1,0,0,0,0,0,0.98,0.37,0.75,0.30,0.72,0.08,0.46,0.00
2,5,0,0,0,0,0,0,0,1,0,0,0,0,0,0,0,0,1,0,0,0.97,0.46,0.68,0.27,0.68,0.25,0.56,0.00
6,5,0,0,0,1,0,0,0,0,0,0,0,0,0,0,0,1,0,0,0,0.81,0.03,0.06,0.05,0.12,0.46,0.60,0.00
4,5,0,0,0,0,0,0,0,0,1,0,0,0,0,0,0,1,0,0,0,0.96,0.47,0.82,0.16,0.62,0.00,0.06,0.00
3,4,0,0,0,0,0,0,0,0,1,0,0,0,0,1,0,0,0,0,0,0.93,0.44,0.80,0.12,0.38,0.52,0.66,0.00
2,4,0,0,0,0,0,0,0,0,1,0,0,0,1,0,0,0,0,0,0,0.58,0.24,0.77,0.01,0.66,0.27,0.36,0.00
1,5,0,0,0,0,0,0,0,0,1,0,0,0,0,1,0,0,0,0,0,0.93,0.44,0.80,0.12,0.62,0.21,0.20,0.00
6,5,0,0,1,0,0,0,0,0,0,0,0,0,0,0,0,0,0,0,1,0.92,0.13,0.09,0.13,0.33,0.46,0.36,0.00
7,4,0,1,0,0,0,0,0,0,0,0,0,0,0,0,0,0,0,0,1,0.84,0.03,0.03,0.04,0.21,0.62,0.20,0.00
8,6,0,0,0,0,0,0,0,0,0,1,0,0,0,0,1,0,0,0,0,0.94,0.13,0.78,0.09,0.58,0.26,0.26,0.00
5,6,0,0,1,0,0,0,0,0,0,0,0,0,0,0,0,0,0,1,0,0.93,0.17,0.11,0.14,0.41,0.58,0.40,0.00
4,5,0,0,0,0,0,0,0,0,1,0,0,0,0,0,0,1,0,0,0,0.96,0.47,0.82,0.16,0.64,0.22,0.16,0.00
2,2,0,0,0,0,0,0,0,1,0,0,0,0,0,0,0,0,0,1,0,0.97,0.48,0.69,0.36,0.67,0.19,0.76,0.00
7,5,0,0,0,0,0,0,0,0,1,0,0,0,0,1,0,0,0,0,0,0.93,0.44,0.80,0.12,0.59,0.26,0.20,0.00
6,5,0,0,0,0,0,0,0,0,1,0,0,0,0,0,0,0,1,0,0,0.95,0.40,0.77,0.22,0.56,0.21,0.66,0.00
8,3,0,0,0,0,0,0,0,0,1,0,0,0,0,0,0,1,0,0,0,0.97,0.28,0.79,0.32,0.68,0.13,0.50,0.00
4,4,0,0,0,0,0,0,0,0,0,1,0,0,0,0,0,0,0,1,0,0.93,0.15,0.80,0.12,0.52,0.12,0.30,0.00
7,4,0,0,0,0,0,0,0,1,0,0,0,0,0,0,0,0,0,1,0,0.97,0.48,0.69,0.36,0.09,0.95,0.60,0.00
7,4,0,0,0,0,0,0,0,0,1,0,0,0,0,0,0,0,1,0,0,0.98,0.29,0.80,0.28,0.58,0.38,0.50,0.00
7,3,0,0,1,0,0,0,0,0,0,0,0,0,1,0,0,0,0,0,0,0.89,0.18,0.11,0.09,0.28,0.36,0.60,0.00
4,4,0,0,1,0,0,0,0,0,0,0,0,0,0,0,0,0,0,1,0,0.94,0.12,0.09,0.14,0.48,0.14,0.50,0.00
4,4,0,0,1,0,0,0,0,0,0,0,0,0,0,0,0,0,0,1,0,0.94,0.12,0.09,0.14,0.48,0.14,0.50,0.00
4,4,0,0,0,0,0,0,0,0,1,0,0,0,0,0,0,0,0,0,1,0.95,0.42,0.79,0.15,0.47,0.53,0.10,0.00
1,3,0,0,0,0,0,0,0,0,1,0,0,0,1,0,0,0,0,0,0,0.90,0.31,0.82,0.13,0.33,0.68,0.66,0.00
4,5,0,0,0,0,0,0,0,0,1,0,0,0,0,0,1,0,0,0,0,0.96,0.46,0.81,0.16,0.55,0.05,0.10,0.00
6,5,0,0,1,0,0,0,0,0,0,0,0,0,1,0,0,0,0,0,0,0.92,0.13,0.09,0.11,0.42,0.14,0.30,0.00
8,6,0,0,0,0,0,0,0,1,0,0,0,0,0,0,0,0,0,0,1,0.92,0.34,0.73,0.11,0.45,0.52,0.30,0.00
3,4,0,0,0,0,0,0,0,0,1,0,0,0,0,0,0,0,1,0,0,0.96,0.48,0.83,0.25,0.53,0.40,0.36,0.00
4,3,0,0,1,0,0,0,0,0,0,0,0,0,1,0,0,0,0,0,0,0.89,0.18,0.11,0.09,0.28,0.36,0.60,0.00
2,2,0,0,0,0,0,0,1,0,0,0,0,0,0,0,0,0,1,0,0,0.90,0.51,0.35,0.12,0.36,0.75,0.36,0.00
7,4,0,0,0,0,0,0,0,0,1,0,0,0,0,0,1,0,0,0,0,0.92,0.28,0.85,0.11,0.42,0.49,0.46,0.00
4,4,0,0,0,0,0,0,0,0,1,0,0,0,0,0,0,0,0,0,1,0.97,0.51,0.85,0.14,0.67,0.28,0.50,0.00
7,5,0,0,0,0,0,0,0,0,0,1,0,0,1,0,0,0,0,0,0,0.94,0.16,0.81,0.20,0.45,0.34,0.40,0.00
8,6,0,0,0,0,0,0,0,1,0,0,0,0,0,0,0,0,0,1,0,0.95,0.28,0.55,0.21,0.58,0.22,0.46,0.00
4,6,0,0,0,0,0,0,0,0,1,0,0,0,0,0,0,0,0,0,1,0.97,0.51,0.85,0.14,0.84,0.13,0.30,0.00
8,6,0,0,0,0,0,0,0,1,0,0,0,0,0,0,0,0,0,1,0,0.95,0.28,0.55,0.21,0.46,0.33,0.40,0.00
4,4,0,0,0,0,0,0,0,0,1,0,0,0,0,0,1,0,0,0,0,0.96,0.46,0.81,0.16,0.78,0.07,0.46,0.00
1,5,0,0,0,0,0,0,0,0,1,0,0,0,0,0,0,0,0,0,1,0.97,0.51,0.85,0.14,0.82,0.14,0.30,0.00
6,4,0,0,0,0,0,0,0,0,1,0,0,0,0,1,0,0,0,0,0,0.93,0.44,0.80,0.12,0.53,0.33,0.26,0.00
9,4,0,0,0,0,0,0,0,0,1,0,0,0,0,1,0,0,0,0,0,0.85,0.25,0.78,0.06,0.71,0.25,0.30,0.00
4,5,0,0,0,0,0,0,0,0,1,0,0,0,0,0,0,0,0,1,0,0.95,0.41,0.78,0.15,0.50,0.12,0.30,0.00
8,6,0,0,0,0,0,0,0,1,0,0,0,0,0,0,0,0,0,0,1,0.94,0.49,0.70,0.19,0.56,0.31,0.60,0.00
2,2,0,0,0,0,0,0,0,0,1,0,0,0,0,0,0,0,0,1,0,0.95,0.41,0.78,0.15,0.51,0.36,0.16,0.00
1,2,0,0,0,0,0,0,0,0,1,0,0,0,0,1,0,0,0,0,0,0.93,0.44,0.80,0.12,0.53,0.29,0.20,0.00
6,5,0,0,0,0,0,0,0,0,1,0,0,0,0,0,0,0,0,1,0,0.95,0.41,0.78,0.15,0.74,0.14,0.40,0.00
7,5,0,0,0,1,0,0,0,0,0,0,0,0,0,0,0,0,0,0,1,0.82,0.01,0.00,0.06,0.36,0.71,0.16,0.00
6,3,0,0,0,1,0,0,0,0,0,0,0,0,0,0,1,0,0,0,0,0.89,0.06,0.04,0.07,0.42,0.42,0.26,0.00
4,4,0,0,0,1,0,0,0,0,0,0,0,0,0,0,0,0,1,0,0,0.83,0.08,0.09,0.04,0.47,0.06,0.30,0.00
2,4,0,0,0,0,0,0,0,1,0,0,0,0,0,0,0,0,0,0,1,0.97,0.42,0.68,0.23,0.42,0.60,0.40,0.00
7,4,0,0,0,0,0,0,0,1,0,0,0,0,0,0,0,0,0,0,1,0.94,0.60,0.81,0.25,0.63,0.68,0.80,0.16
2,4,0,0,0,0,0,0,0,1,0,0,0,0,0,0,0,0,0,0,1,0.94,0.60,0.81,0.25,0.65,0.46,0.80,0.00
3,4,0,0,0,0,0,0,0,1,0,0,0,0,0,0,0,0,0,0,1,0.94,0.60,0.81,0.25,0.79,0.27,0.66,0.00
5,4,0,0,0,0,0,0,0,1,0,0,0,0,0,0,0,0,0,0,1,0.94,0.60,0.81,0.25,0.76,0.28,0.56,0.00
2,4,0,0,0,0,0,0,0,1,0,0,0,0,0,0,1,0,0,0,0,0.95,0.31,0.58,0.17,0.59,0.65,0.20,0.00
8,6,0,0,0,0,0,0,0,1,0,0,0,0,0,0,1,0,0,0,0,0.96,0.54,0.77,0.24,0.85,0.15,0.26,0.00
3,4,0,0,0,0,0,0,0,1,0,0,0,0,0,0,1,0,0,0,0,0.96,0.54,0.77,0.24,0.63,0.29,0.00,0.00
8,5,0,0,0,0,0,0,0,1,0,0,0,0,0,0,1,0,0,0,0,0.96,0.54,0.77,0.24,0.79,0.12,0.30,0.00
8,5,0,0,0,0,0,0,0,1,0,0,0,0,0,0,1,0,0,0,0,0.96,0.54,0.77,0.24,0.70,0.25,0.30,0.00
6,5,0,0,0,0,0,0,0,1,0,0,0,0,0,0,1,0,0,0,0,0.96,0.54,0.77,0.24,0.64,0.26,0.36,0.00
7,4,0,0,0,0,0,0,0,1,0,0,0,0,0,0,0,1,0,0,0,0.94,0.37,0.65,0.14,0.62,0.27,0.26,0.00
6,3,0,0,0,0,0,0,0,1,0,0,0,0,0,0,0,1,0,0,0,0.94,0.47,0.72,0.11,0.54,0.31,0.30,0.00
2,5,0,0,0,0,0,0,0,1,0,0,0,0,0,0,0,1,0,0,0,0.89,0.26,0.81,0.09,0.65,0.36,0.40,0.00
8,6,0,0,0,0,0,0,0,1,0,0,0,0,0,0,0,0,0,1,0,0.97,0.40,0.67,0.20,0.70,0.31,0.20,0.00
4,3,0,0,0,0,0,0,0,1,0,0,0,0,0,0,0,0,0,1,0,0.97,0.40,0.67,0.20,0.62,0.34,0.26,0.00
3,4,0,0,0,0,0,0,0,1,0,0,0,0,0,0,0,0,0,1,0,0.94,0.59,0.80,0.24,0.59,0.52,0.06,0.00
7,4,0,0,0,0,0,0,0,1,0,0,0,0,0,0,0,0,0,1,0,0.94,0.59,0.80,0.24,0.69,0.29,0.16,0.00
2,4,0,0,0,0,0,0,0,1,0,0,0,0,1,0,0,0,0,0,0,0.97,0.33,0.63,0.26,0.84,0.20,0.40,0.00
3,4,0,0,0,0,0,0,0,1,0,0,0,0,0,0,0,0,1,0,0,0.94,0.38,0.66,0.16,0.29,0.81,0.80,0.00
2,4,0,0,0,0,0,0,0,1,0,0,0,0,0,0,0,0,1,0,0,0.94,0.38,0.66,0.16,0.62,0.32,0.30,0.00
6,3,0,0,0,0,0,0,0,1,0,0,0,0,0,0,0,0,1,0,0,0.93,0.48,0.73,0.13,0.55,0.28,0.36,0.00
4,4,0,0,0,0,0,0,0,1,0,0,0,0,0,0,0,0,1,0,0,0.98,0.57,0.79,0.23,0.63,0.45,0.30,0.00
4,4,0,0,0,0,0,0,0,1,0,0,0,0,0,1,0,0,0,0,0,0.97,0.35,0.64,0.26,0.64,0.46,0.80,0.00
6,5,0,0,0,0,0,0,0,1,0,0,0,0,0,1,0,0,0,0,0,0.98,0.45,0.70,0.40,0.55,0.47,0.40,0.00
2,2,0,0,0,0,0,0,0,1,0,0,0,0,0,1,0,0,0,0,0,0.95,0.52,0.76,0.25,0.69,0.11,0.30,0.00
3,4,0,0,0,0,0,0,0,1,0,0,0,0,0,1,0,0,0,0,0,0.95,0.52,0.76,0.25,0.60,0.20,0.30,0.00
4,4,0,0,0,0,0,0,0,1,0,0,0,0,0,1,0,0,0,0,0,0.95,0.52,0.76,0.25,0.54,0.45,0.26,0.00
2,2,0,0,0,0,0,0,0,1,0,0,0,0,0,1,0,0,0,0,0,0.95,0.52,0.76,0.25,0.63,0.48,0.30,0.00
8,6,0,0,0,0,0,0,0,1,0,0,0,0,0,1,0,0,0,0,0,0.95,0.52,0.76,0.25,0.58,0.51,0.46,0.00
2,5,0,0,0,0,0,0,0,1,0,0,0,0,0,1,0,0,0,0,0,0.95,0.52,0.76,0.25,0.58,0.38,0.40,0.00
4,6,0,0,0,0,0,0,0,0,0,0,0,1,0,0,0,0,0,0,1,0.85,0.09,0.41,0.12,0.08,0.49,0.90,0.00
8,6,0,0,0,0,0,0,0,0,0,0,0,1,0,0,1,0,0,0,0,0.84,0.09,0.41,0.09,0.09,0.54,0.84,0.00
4,6,0,0,0,0,0,0,0,0,0,0,0,1,0,0,0,1,0,0,0,0.85,0.09,0.40,0.04,0.09,0.54,0.50,0.00
4,4,0,0,0,0,0,0,0,0,0,0,0,1,1,0,0,0,0,0,0,0.86,0.08,0.40,0.05,0.08,0.07,0.90,0.00
3,4,0,0,0,0,0,0,0,0,0,0,0,1,1,0,0,0,0,0,0,0.86,0.08,0.40,0.05,0.08,0.07,0.90,0.00
4,4,0,0,0,0,0,0,0,0,0,0,0,1,1,0,0,0,0,0,0,0.86,0.08,0.40,0.05,0.08,0.07,0.90,0.00
4,4,0,0,0,0,0,0,0,0,0,0,0,1,1,0,0,0,0,0,0,0.86,0.08,0.40,0.05,0.08,0.07,0.90,0.00
4,6,0,0,0,0,0,0,0,0,0,0,0,1,0,0,0,0,1,0,0,0.85,0.09,0.40,0.07,0.00,0.52,0.50,0.00
6,5,0,0,0,0,0,0,0,0,0,0,0,1,0,1,0,0,0,0,0,0.86,0.08,0.40,0.05,0.09,0.11,0.90,0.00
6,3,0,1,0,0,0,0,0,0,0,0,0,0,0,0,0,0,0,0,1,0.85,0.09,0.41,0.06,0.06,0.42,0.40,0.00
3,4,0,1,0,0,0,0,0,0,0,0,0,0,0,0,1,0,0,0,0,0.88,0.02,0.01,0.06,0.21,0.24,0.30,0.00
5,4,0,1,0,0,0,0,0,0,0,0,0,0,0,0,0,0,1,0,0,0.86,0.01,0.01,0.11,0.17,0.36,0.84,0.00
2,5,0,0,0,0,0,0,1,0,0,0,0,0,0,0,0,0,0,0,1,0.97,0.58,0.47,0.22,0.68,0.29,0.66,0.00
7,6,0,0,0,0,0,0,1,0,0,0,0,0,0,0,1,0,0,0,0,0.94,0.63,0.50,0.22,0.33,0.88,0.80,0.03
7,4,0,0,0,0,0,0,1,0,0,0,0,0,0,0,0,0,0,1,0,0.94,0.36,0.55,0.16,0.64,0.40,0.26,0.00
7,4,0,0,0,0,0,0,1,0,0,0,0,0,0,0,0,0,0,1,0,0.94,0.36,0.55,0.16,0.71,0.20,0.16,0.00
7,4,0,0,0,0,0,0,1,0,0,0,0,0,0,0,0,0,0,1,0,0.94,0.36,0.55,0.16,0.71,0.18,0.16,0.00
2,5,0,0,0,0,0,0,1,0,0,0,0,0,0,0,0,0,0,1,0,0.94,0.36,0.55,0.16,0.53,0.45,0.16,0.00
9,4,0,0,0,0,0,0,1,0,0,0,0,0,0,0,0,0,0,1,0,0.94,0.36,0.55,0.16,0.74,0.28,0.06,0.00
4,5,0,0,0,0,0,0,1,0,0,0,0,0,0,0,0,0,1,0,0,0.94,0.34,0.54,0.11,0.67,0.29,0.10,0.00
7,6,0,0,0,0,0,0,1,0,0,0,0,0,0,1,0,0,0,0,0,0.96,0.62,0.50,0.20,0.79,0.15,0.56,0.00
8,6,0,0,0,0,0,0,1,0,0,0,0,0,0,1,0,0,0,0,0,0.95,0.30,0.51,0.15,0.48,0.61,0.36,0.00
7,5,0,0,0,0,0,1,0,0,0,0,0,0,0,0,0,0,0,0,1,0.96,0.62,0.50,0.20,0.64,0.39,0.10,0.00
6,4,0,0,0,0,0,1,0,0,0,0,0,0,0,0,0,0,0,0,1,0.93,0.30,0.33,0.11,0.39,0.36,0.16,0.00
8,6,0,0,0,0,0,1,0,0,0,0,0,0,0,0,0,0,0,0,1,0.93,0.30,0.33,0.11,0.42,0.35,0.20,0.00
8,6,0,0,0,0,0,1,0,0,0,0,0,0,0,0,1,0,0,0,0,0.94,0.51,0.43,0.23,0.56,0.33,0.50,0.00
6,5,0,0,0,0,0,1,0,0,0,0,0,0,0,0,0,0,0,1,0,0.45,0.24,0.26,0.01,0.27,0.88,0.26,0.00
6,5,0,0,0,0,0,1,0,0,0,0,0,0,1,0,0,0,0,0,0,0.93,0.32,0.34,0.13,0.59,0.12,0.50,0.00
6,5,0,0,0,0,0,1,0,0,0,0,0,0,1,0,0,0,0,0,0,0.93,0.32,0.34,0.13,0.54,0.28,0.56,0.00
3,6,0,0,0,0,0,1,0,0,0,0,0,0,0,0,0,0,1,0,0,0.93,0.32,0.26,0.13,0.55,0.27,0.46,0.00
3,6,0,0,0,0,0,1,0,0,0,0,0,0,0,0,0,0,1,0,0,0.93,0.32,0.26,0.13,0.55,0.27,0.46,0.00
6,5,0,0,0,0,1,0,0,0,0,0,0,0,0,0,0,0,0,1,0,0.86,0.09,0.12,0.06,0.29,0.93,0.50,0.00
1,4,0,0,0,0,0,0,0,0,1,0,0,0,0,0,0,0,0,0,1,0.91,0.29,0.83,0.10,0.54,0.44,0.20,0.00
7,4,0,0,0,0,0,0,0,0,1,0,0,0,0,0,0,0,0,0,1,0.91,0.29,0.83,0.10,0.48,0.45,0.56,0.00
3,4,0,0,0,0,0,0,0,0,1,0,0,0,0,0,0,0,0,0,1,0.91,0.29,0.83,0.10,0.69,0.24,0.36,0.00
2,4,0,0,0,0,0,0,0,0,1,0,0,0,0,0,0,0,0,0,1,0.95,0.36,0.88,0.18,0.44,0.35,0.16,0.00
2,4,0,0,0,0,0,0,0,0,1,0,0,0,0,0,0,0,0,0,1,0.95,0.36,0.88,0.18,0.73,0.14,0.20,0.00
7,4,0,0,0,0,0,0,0,0,1,0,0,0,0,0,0,0,0,0,1,0.95,0.36,0.88,0.18,0.74,0.14,0.26,0.00
6,3,0,0,0,0,0,0,0,0,1,0,0,0,0,0,0,0,0,0,1,0.95,0.36,0.88,0.18,0.73,0.15,0.16,0.00
2,4,0,0,0,0,0,0,0,0,1,0,0,0,0,0,0,0,0,0,1,0.41,0.16,0.82,0.01,0.32,0.74,0.66,0.00
6,5,0,0,0,0,0,0,0,0,1,0,0,0,0,0,1,0,0,0,0,0.95,0.39,0.90,0.16,0.71,0.14,0.50,0.00
4,4,0,0,0,0,0,0,0,0,1,0,0,0,0,0,1,0,0,0,0,0.95,0.39,0.90,0.16,0.56,0.31,0.16,0.00
3,4,0,0,0,0,0,0,0,0,1,0,0,0,0,0,1,0,0,0,0,0.94,0.46,0.95,0.13,0.52,0.18,0.26,0.00
4,5,0,0,0,0,0,0,0,0,1,0,0,0,0,0,0,1,0,0,0,0.95,0.33,0.86,0.15,0.53,0.11,0.60,0.00
4,4,0,0,0,0,0,0,0,0,1,0,0,0,0,0,0,1,0,0,0,0.95,0.33,0.86,0.15,0.55,0.11,0.50,0.00
6,5,0,0,0,0,0,0,0,0,1,0,0,0,0,0,0,1,0,0,0,0.96,0.41,0.91,0.13,0.62,0.14,0.20,0.00
5,4,0,0,0,0,0,0,0,0,1,0,0,0,0,0,0,1,0,0,0,0.96,0.41,0.91,0.13,0.62,0.15,0.66,0.00
6,3,0,0,0,0,0,0,0,0,1,0,0,0,0,0,0,1,0,0,0,0.96,0.41,0.91,0.13,0.54,0.22,0.76,0.00
1,4,0,0,0,0,0,0,0,0,1,0,0,0,0,0,0,1,0,0,0,0.96,0.41,0.91,0.13,0.47,0.15,0.40,0.00
6,5,0,0,0,0,0,0,0,0,1,0,0,0,0,0,0,1,0,0,0,0.96,0.41,0.91,0.13,0.47,0.15,0.40,0.00
3,5,0,0,0,0,0,0,0,0,1,0,0,0,0,0,0,1,0,0,0,0.93,0.47,0.96,0.12,0.34,0.28,0.26,0.00
6,5,0,0,0,0,0,0,0,0,1,0,0,0,0,0,0,1,0,0,0,0.90,0.18,0.84,0.10,0.37,0.48,0.16,0.00
1,4,0,0,0,0,0,0,0,0,1,0,0,0,0,0,0,0,0,1,0,0.95,0.35,0.87,0.15,0.71,0.14,0.30,0.00
5,4,0,0,0,0,0,0,0,0,1,0,0,0,0,0,0,0,0,1,0,0.95,0.35,0.87,0.15,0.70,0.14,0.30,0.00
6,5,0,0,0,0,0,0,0,0,1,0,0,0,0,0,0,0,0,1,0,0.95,0.35,0.87,0.15,0.61,0.20,0.20,0.00
6,5,0,0,0,0,0,0,0,0,1,0,0,0,0,0,0,0,0,1,0,0.95,0.35,0.87,0.15,0.56,0.24,0.16,0.00
4,3,0,0,0,0,0,0,0,0,1,0,0,0,0,0,0,0,0,1,0,0.95,0.35,0.87,0.15,0.68,0.14,0.40,0.00
3,3,0,0,0,0,0,0,0,0,1,0,0,0,0,0,0,0,0,1,0,0.95,0.35,0.87,0.15,0.71,0.14,0.30,0.00
7,4,0,0,0,0,0,0,0,0,1,0,0,0,0,0,0,0,0,1,0,0.94,0.42,0.92,0.15,0.62,0.15,0.46,0.00
4,4,0,0,0,0,0,0,0,0,1,0,0,0,0,0,0,0,0,1,0,0.94,0.42,0.92,0.15,0.48,0.31,0.20,0.00
1,4,0,0,0,0,0,0,0,0,1,0,0,0,1,0,0,0,0,0,0,0.95,0.30,0.84,0.17,0.51,0.46,0.30,0.00
2,3,0,0,0,0,0,0,0,0,1,0,0,0,1,0,0,0,0,0,0,0.94,0.37,0.89,0.11,0.51,0.42,0.56,0.00
4,3,0,0,0,0,0,0,0,0,1,0,0,0,1,0,0,0,0,0,0,0.94,0.37,0.89,0.11,0.24,0.84,0.16,0.00
7,4,0,0,0,0,0,0,0,0,1,0,0,0,1,0,0,0,0,0,0,0.94,0.37,0.89,0.11,0.55,0.34,0.20,0.00
6,3,0,0,0,0,0,0,0,0,1,0,0,0,1,0,0,0,0,0,0,0.94,0.37,0.89,0.11,0.67,0.22,0.20,0.00
8,6,0,0,0,0,0,0,0,0,1,0,0,0,1,0,0,0,0,0,0,0.94,0.37,0.89,0.11,0.66,0.24,0.20,0.00
2,4,0,0,0,0,0,0,0,0,1,0,0,0,1,0,0,0,0,0,0,0.94,0.37,0.89,0.11,0.59,0.31,0.16,0.00
2,5,0,0,0,0,0,0,0,0,1,0,0,0,1,0,0,0,0,0,0,0.94,0.37,0.89,0.11,0.55,0.34,0.20,0.00
8,6,0,0,0,0,0,0,0,0,1,0,0,0,1,0,0,0,0,0,0,0.94,0.38,0.89,0.12,0.43,0.42,0.20,0.00
6,3,0,0,0,0,0,0,0,0,1,0,0,0,1,0,0,0,0,0,0,0.94,0.44,0.94,0.13,0.59,0.26,0.16,0.00
8,6,0,0,0,0,0,0,0,0,1,0,0,0,1,0,0,0,0,0,0,0.94,0.44,0.94,0.13,0.44,0.42,0.46,0.00
6,3,0,0,0,0,0,0,0,0,1,0,0,0,1,0,0,0,0,0,0,0.94,0.44,0.94,0.13,0.32,0.60,0.50,0.00
2,2,0,0,0,0,0,0,0,0,1,0,0,0,1,0,0,0,0,0,0,0.94,0.44,0.94,0.13,0.47,0.33,0.30,0.00
1,4,0,0,0,0,0,0,0,0,1,0,0,0,1,0,0,0,0,0,0,0.94,0.44,0.94,0.13,0.61,0.24,0.20,0.00
5,4,0,0,0,0,0,0,0,0,1,0,0,0,0,0,0,0,1,0,0,0.95,0.34,0.86,0.17,0.25,0.71,0.36,0.00
3,4,0,0,0,0,0,0,0,0,1,0,0,0,0,0,0,0,1,0,0,0.95,0.34,0.86,0.17,0.49,0.49,0.46,0.00
5,4,0,0,0,0,0,0,0,0,1,0,0,0,0,0,0,0,1,0,0,0.95,0.34,0.86,0.17,0.34,0.58,0.36,0.00
5,4,0,0,0,0,0,0,0,0,1,0,0,0,0,0,0,0,1,0,0,0.95,0.34,0.86,0.17,0.25,0.71,0.36,0.00
4,4,0,0,0,0,0,0,0,0,1,0,0,0,0,0,0,0,1,0,0,0.95,0.34,0.86,0.17,0.42,0.45,0.66,0.00
7,4,0,0,0,0,0,0,0,0,1,0,0,0,0,0,0,0,1,0,0,0.95,0.34,0.86,0.17,0.59,0.33,0.36,0.00
7,4,0,0,0,0,0,0,0,0,1,0,0,0,0,0,0,0,1,0,0,0.95,0.34,0.86,0.17,0.57,0.38,0.26,0.00
7,4,0,0,0,0,0,0,0,0,1,0,0,0,0,0,0,0,1,0,0,0.95,0.34,0.86,0.17,0.53,0.41,0.20,0.00
4,4,0,0,0,0,0,0,0,0,1,0,0,0,0,0,0,0,1,0,0,0.95,0.34,0.86,0.17,0.60,0.24,0.50,0.00
4,4,0,0,0,0,0,0,0,0,1,0,0,0,0,0,0,0,1,0,0,0.95,0.34,0.86,0.17,0.60,0.24,0.50,0.00
6,3,0,0,0,0,0,0,0,0,1,0,0,0,0,0,0,0,1,0,0,0.95,0.42,0.92,0.18,0.44,0.47,0.36,0.00
6,3,0,0,0,0,0,0,0,0,1,0,0,0,0,0,0,0,1,0,0,0.95,0.42,0.92,0.18,0.56,0.28,0.26,0.00
1,4,0,0,0,0,0,0,0,0,1,0,0,0,0,0,0,0,1,0,0,0.95,0.42,0.92,0.18,0.61,0.28,0.20,0.00
6,5,0,0,0,0,0,0,0,0,1,0,0,0,0,0,0,0,1,0,0,0.95,0.42,0.92,0.18,0.52,0.32,0.20,0.00
4,3,0,0,0,0,0,0,0,0,1,0,0,0,0,0,0,0,1,0,0,0.95,0.42,0.92,0.18,0.49,0.35,0.40,0.00
7,4,0,0,0,0,0,0,0,0,1,0,0,0,0,0,0,0,1,0,0,0.90,0.19,0.85,0.21,0.42,0.58,0.30,0.00
4,3,0,0,0,0,0,0,0,0,1,0,0,0,0,1,0,0,0,0,0,0.94,0.38,0.89,0.12,0.44,0.45,0.20,0.00
6,5,0,0,0,0,0,0,0,0,1,0,0,0,0,1,0,0,0,0,0,0.94,0.38,0.89,0.12,0.61,0.24,0.26,0.00
6,5,0,0,0,0,0,0,0,0,1,0,0,0,0,1,0,0,0,0,0,0.94,0.38,0.89,0.12,0.56,0.35,0.30,0.00
4,5,0,0,0,0,0,0,0,0,1,0,0,0,0,1,0,0,0,0,0,0.93,0.45,0.94,0.22,0.44,0.27,0.56,0.00
4,5,0,0,0,0,0,0,0,0,1,0,0,0,0,1,0,0,0,0,0,0.93,0.45,0.94,0.22,0.46,0.14,0.36,0.00
6,5,0,0,0,0,0,0,0,0,1,0,0,0,0,0,0,0,0,1,0,0.94,0.32,0.86,0.15,0.47,0.38,0.50,0.00
4,5,0,0,0,0,0,0,0,0,1,0,0,0,0,0,0,0,0,0,1,0.93,0.95,0.96,0.13,0.37,0.73,0.80,0.00
7,4,0,0,0,0,0,0,0,0,1,0,0,0,0,0,0,0,0,0,1,0.93,0.95,0.96,0.13,0.37,0.73,0.80,0.00
3,4,0,0,0,0,0,0,1,0,0,0,0,0,0,0,1,0,0,0,0,0.94,0.46,0.60,0.14,0.39,0.51,0.40,0.00
4,5,0,0,0,0,0,0,0,1,0,0,0,0,0,0,0,0,0,0,1,0.95,0.70,0.77,0.14,0.26,0.71,0.06,0.00
5,4,0,0,0,0,0,0,0,1,0,0,0,0,0,0,0,1,0,0,0,0.98,0.76,0.81,0.25,0.58,0.32,0.26,0.00
6,5,0,0,0,0,0,0,0,0,1,0,0,0,0,0,0,0,1,0,0,0.92,1.00,0.99,0.13,0.26,0.74,0.40,0.00
6,5,0,0,0,0,0,0,0,0,1,0,0,0,0,0,0,0,0,1,0,0.94,0.32,0.86,0.15,0.42,0.49,0.50,0.00
8,6,0,0,0,0,0,0,0,1,0,0,0,0,1,0,0,0,0,0,0,0.95,0.71,0.78,0.15,0.61,0.46,0.20,0.00
2,2,0,0,0,0,0,0,0,1,0,0,0,0,0,0,0,0,0,1,0,0.97,0.79,0.83,0.15,0.63,0.32,0.20,0.00
6,5,0,0,1,0,0,0,0,0,0,0,0,0,0,0,0,1,0,0,0,0.93,0.06,0.03,0.14,0.21,0.42,0.60,0.00
4,5,1,0,0,0,0,0,0,0,0,0,0,0,0,0,0,0,0,0,1,0.00,0.00,0.19,0.00,0.10,1.00,0.06,0.00
5,4,0,0,0,0,0,0,1,0,0,0,0,0,0,0,1,0,0,0,0,0.97,0.35,0.53,0.21,0.55,0.28,0.76,0.00
8,6,0,0,0,0,0,0,0,1,0,0,0,0,0,0,0,1,0,0,0,0.93,0.67,0.74,0.12,0.45,0.56,0.26,0.00
8,6,0,0,0,0,0,0,0,1,0,0,0,0,0,0,1,0,0,0,0,0.99,0.75,0.80,0.32,0.84,0.16,0.16,0.00
9,6,0,0,0,0,0,0,0,1,0,0,0,0,0,0,0,1,0,0,0,0.94,0.85,0.87,0.11,0.59,0.51,0.26,0.00
8,4,0,0,0,0,0,0,0,1,0,0,0,0,0,0,0,0,0,1,0,0.94,0.94,0.95,0.14,0.61,0.34,0.46,0.00
2,4,0,0,0,0,0,0,0,1,0,0,0,0,0,0,0,0,0,0,1,0.94,0.62,0.71,0.14,0.60,0.41,0.20,0.00
3,4,0,0,0,0,0,0,0,0,1,0,0,0,0,0,0,0,0,0,1,0.93,0.33,0.87,0.20,0.59,0.47,0.56,0.00
5,5,0,0,1,0,0,0,0,0,0,0,0,0,0,0,0,1,0,0,0,0.93,0.06,0.03,0.14,0.30,0.39,0.56,0.00
6,4,0,0,0,0,0,0,0,1,0,0,0,0,0,0,0,0,1,0,0,0.98,0.78,0.82,0.21,0.68,0.22,0.30,0.00
7,4,0,0,0,0,0,0,0,1,0,0,0,0,0,0,0,0,1,0,0,0.98,0.78,0.82,0.21,0.68,0.22,0.30,0.00
7,4,0,1,0,0,0,0,0,0,0,0,0,0,1,0,0,0,0,0,0,0.85,0.03,0.06,0.07,0.17,0.66,0.66,0.00
8,6,0,0,0,0,0,0,0,0,1,0,0,0,0,0,0,0,1,0,0,0.93,0.31,0.86,0.13,0.59,0.36,0.26,0.00
1,3,0,0,0,0,0,0,0,0,1,0,0,0,0,0,0,0,0,0,1,0.93,0.95,0.96,0.13,0.63,0.33,0.40,0.00
2,4,0,0,1,0,0,0,0,0,0,0,0,0,0,1,0,0,0,0,0,0.96,0.05,0.02,0.20,0.42,0.05,0.80,0.00
6,5,0,1,0,0,0,0,0,0,0,0,0,0,1,0,0,0,0,0,0,0.84,0.01,0.05,0.04,0.10,0.62,0.16,0.00
4,5,0,1,0,0,0,0,0,0,0,0,0,0,0,0,0,0,0,0,1,0.86,0.03,0.06,0.06,0.25,0.55,0.16,0.00
4,3,0,0,0,0,0,0,0,0,1,0,0,0,0,0,0,0,0,0,1,0.93,0.33,0.87,0.20,0.59,0.47,0.50,0.00
5,6,0,0,0,0,0,0,0,1,0,0,0,0,0,0,0,0,0,0,1,0.94,0.62,0.71,0.14,0.71,0.21,0.36,0.00
1,2,0,0,0,0,0,0,0,1,0,0,0,0,0,0,0,0,0,1,0,0.97,0.79,0.83,0.15,0.76,0.20,0.30,0.00
9,5,0,0,0,0,0,1,0,0,0,0,0,0,0,0,1,0,0,0,0,0.96,0.17,0.34,0.25,0.83,0.22,0.46,0.00
9,5,0,0,0,0,0,1,0,0,0,0,0,0,0,0,1,0,0,0,0,0.96,0.17,0.34,0.25,0.83,0.22,0.46,0.00
3,4,0,0,0,0,0,0,0,0,1,0,0,0,0,0,0,1,0,0,0,0.93,0.30,0.85,0.15,0.66,0.36,0.40,0.00
9,9,0,0,0,0,0,0,0,1,0,0,0,0,0,0,0,0,1,0,0,0.98,0.78,0.82,0.21,0.73,0.25,0.40,0.00
8,6,0,0,0,0,0,0,0,1,0,0,0,0,0,0,0,1,0,0,0,0.93,0.67,0.74,0.12,0.61,0.31,0.36,0.00
2,4,0,0,0,0,0,0,0,0,1,0,0,0,0,0,1,0,0,0,0,0.89,0.29,0.84,0.07,0.63,0.22,0.20,0.00
2,2,0,0,0,0,0,0,0,1,0,0,0,0,0,1,0,0,0,0,0,0.98,0.73,0.79,0.17,0.83,0.14,0.20,0.00
6,5,0,0,0,0,0,0,0,0,1,0,0,0,0,0,0,0,0,1,0,0.88,1.00,1.00,0.07,0.48,0.61,0.50,0.00
4,5,0,1,0,0,0,0,0,0,0,0,0,0,0,0,0,0,0,1,0,0.85,0.02,0.06,0.05,0.39,0.36,0.40,0.00
4,3,0,0,0,0,0,0,0,0,1,0,0,0,0,0,0,0,1,0,0,0.92,1.00,0.99,0.13,0.57,0.34,0.30,0.00
1,4,0,0,0,0,0,0,1,0,0,0,0,0,0,1,0,0,0,0,0,0.95,0.33,0.52,0.22,0.68,0.19,0.56,0.00
6,3,0,1,0,0,0,0,0,0,0,0,0,0,0,0,0,0,1,0,0,0.84,0.02,0.05,0.05,0.40,0.32,0.26,0.00
7,4,0,1,0,0,0,0,0,0,0,0,0,0,0,0,0,0,1,0,0,0.85,0.01,0.04,0.06,0.19,0.45,1.00,0.00
9,4,0,0,0,0,0,0,1,0,0,0,0,0,1,0,0,0,0,0,0,0.95,0.31,0.51,0.17,0.66,0.14,0.46,0.00
7,5,0,0,0,0,0,0,0,1,0,0,0,0,0,0,0,0,0,1,0,0.97,0.79,0.83,0.15,0.78,0.21,0.36,0.00
5,4,0,0,0,0,0,0,0,1,0,0,0,0,0,0,0,0,0,0,1,0.97,0.81,0.84,0.18,0.70,0.41,0.40,0.00
8,6,0,0,0,0,0,0,0,1,0,0,0,0,0,0,0,1,0,0,0,0.98,0.76,0.81,0.25,0.81,0.14,0.50,0.00
6,3,0,0,0,0,0,0,1,0,0,0,0,0,0,1,0,0,0,0,0,0.95,0.56,0.67,0.16,0.77,0.28,0.30,0.00
6,5,0,0,1,0,0,0,0,0,0,0,0,0,0,0,1,0,0,0,0,0.96,0.06,0.02,0.18,0.37,0.11,0.60,0.00
2,4,0,0,0,0,0,0,0,1,0,0,0,0,0,0,0,0,0,0,1,0.95,0.70,0.77,0.14,0.73,0.32,0.56,0.00
2,5,0,0,0,0,0,0,0,1,0,0,0,0,0,0,0,0,0,0,1,0.94,0.62,0.71,0.14,0.73,0.25,0.40,0.00
8,8,0,0,0,0,0,0,0,1,0,0,0,0,0,0,1,0,0,0,0,0.94,0.66,0.74,0.14,0.77,0.25,0.46,0.00
2,4,0,0,0,0,0,0,0,1,0,0,0,0,0,0,1,0,0,0,0,0.99,0.75,0.80,0.32,0.92,0.05,0.46,0.00
8,6,0,0,0,0,0,0,1,0,0,0,0,0,0,0,0,0,0,0,1,0.91,0.90,0.92,0.09,0.87,0.14,0.36,0.00
1,3,0,0,0,0,0,0,0,0,1,0,0,0,0,0,0,0,0,1,0,0.94,0.32,0.86,0.15,0.65,0.39,0.40,0.00
8,6,0,0,0,0,0,0,0,1,0,0,0,0,0,0,0,0,0,1,0,0.97,0.79,0.83,0.15,0.79,0.19,0.36,0.00
2,2,0,0,0,0,0,0,0,1,0,0,0,0,0,0,0,1,0,0,0,0.94,0.85,0.87,0.11,0.59,0.48,0.20,0.00
8,6,0,0,0,0,0,0,0,1,0,0,0,0,0,0,0,1,0,0,0,0.94,0.85,0.87,0.11,0.59,0.48,0.20,0.00
2,4,0,0,0,0,0,0,0,1,0,0,0,0,1,0,0,0,0,0,0,0.95,0.71,0.78,0.15,0.83,0.21,0.20,0.00
1,3,0,0,0,0,0,0,0,1,0,0,0,0,0,0,0,1,0,0,0,0.98,0.76,0.81,0.25,0.77,0.22,0.60,0.00
3,4,0,0,0,0,0,0,0,1,0,0,0,0,0,0,0,0,0,0,1,0.94,0.62,0.71,0.14,0.72,0.34,0.40,0.00
7,4,0,0,0,0,0,0,0,0,1,0,0,0,0,0,0,1,0,0,0,0.92,0.99,0.99,0.12,0.55,0.35,0.36,0.00
1,3,0,0,0,0,0,0,0,1,0,0,0,0,0,0,0,0,0,1,0,0.95,0.61,0.70,0.17,0.68,0.29,0.40,0.00
8,6,0,0,0,0,0,0,0,1,0,0,0,0,0,0,0,1,0,0,0,0.98,0.76,0.81,0.25,0.70,0.27,0.70,0.00
2,4,0,0,0,0,0,0,0,1,0,0,0,0,0,0,0,0,0,0,1,0.97,0.81,0.84,0.18,0.60,0.60,0.50,0.00
1,4,0,0,0,0,0,0,0,1,0,0,0,0,0,0,0,0,1,0,0,0.93,0.93,0.94,0.10,0.64,0.35,0.36,0.00
2,5,0,0,0,0,0,0,1,0,0,0,0,0,0,0,0,0,0,1,0,0.93,0.29,0.43,0.10,0.69,0.42,0.16,0.00
8,6,0,0,0,0,0,0,0,1,0,0,0,0,1,0,0,0,0,0,0,0.95,0.71,0.78,0.15,0.79,0.24,0.10,0.00
8,6,0,0,0,0,0,0,0,1,0,0,0,0,0,0,0,0,0,1,0,0.91,0.87,0.89,0.17,0.39,0.68,0.26,0.00
2,5,0,0,0,0,0,0,0,1,0,0,0,0,0,0,0,0,0,1,0,0.97,0.79,0.83,0.15,0.69,0.45,0.40,0.00
1,3,0,0,0,0,0,0,0,0,1,0,0,0,0,0,0,0,1,0,0,0.93,0.31,0.86,0.13,0.54,0.36,0.20,0.00
5,4,0,0,0,0,0,0,0,0,1,0,0,0,0,0,0,0,1,0,0,0.92,1.00,0.99,0.13,0.45,0.51,0.36,0.00
8,6,0,0,0,0,0,0,0,1,0,0,0,0,1,0,0,0,0,0,0,0.95,0.71,0.78,0.15,0.75,0.16,0.16,0.00
6,5,0,0,0,1,0,0,0,0,0,0,0,0,1,0,0,0,0,0,0,0.89,0.08,0.04,0.07,0.28,0.58,0.30,0.00
1,2,0,0,0,0,0,0,1,0,0,0,0,0,0,0,0,0,1,0,0,0.93,0.28,0.42,0.30,0.41,0.74,0.84,0.00
2,5,0,0,0,0,0,0,0,0,1,0,0,0,0,0,0,0,1,0,0,0.92,1.00,0.99,0.13,0.45,0.51,0.36,0.00
5,5,0,0,0,0,0,0,0,1,0,0,0,0,0,0,0,0,0,0,1,0.97,0.16,0.11,0.19,0.49,0.76,0.46,0.00
6,5,0,0,0,0,0,0,0,1,0,0,0,0,0,0,0,0,0,0,1,0.95,0.70,0.77,0.14,0.54,0.65,0.20,0.00
3,4,0,0,1,0,0,0,0,0,0,0,0,0,0,0,1,0,0,0,0,0.96,0.06,0.02,0.18,0.22,0.24,0.84,0.00
7,4,0,0,0,0,0,0,0,0,1,0,0,0,0,0,1,0,0,0,0,0.92,0.98,0.98,0.18,0.27,0.73,0.40,0.00
7,4,0,0,0,0,0,0,0,1,0,0,0,0,0,0,0,0,0,0,1,0.94,0.62,0.71,0.14,0.55,0.54,0.50,0.00
4,5,0,0,0,0,0,0,0,1,0,0,0,0,0,0,1,0,0,0,0,0.99,0.75,0.80,0.32,0.68,0.40,0.56,0.00
1,4,0,0,0,0,0,0,0,1,0,0,0,0,0,0,0,0,1,0,0,0.93,0.67,0.75,0.29,0.31,0.86,0.50,0.00
7,4,0,0,0,0,0,0,0,1,0,0,0,0,1,0,0,0,0,0,0,0.94,0.82,0.85,0.13,0.50,0.59,0.40,0.00
4,5,0,0,0,0,0,0,0,1,0,0,0,0,0,0,0,1,0,0,0,0.91,0.91,0.93,0.10,0.49,0.46,0.30,0.00
3,4,0,0,0,0,0,0,0,1,0,0,0,0,0,0,0,1,0,0,0,0.94,0.85,0.87,0.11,0.47,0.48,0.30,0.00
3,4,0,0,0,0,0,0,1,0,0,0,0,0,1,0,0,0,0,0,0,0.98,0.55,0.66,0.30,0.50,0.39,0.26,0.00
2,4,0,0,0,0,0,0,0,1,0,0,0,0,0,0,0,1,0,0,0,0.94,0.85,0.87,0.11,0.46,0.52,0.26,0.00
1,4,0,0,0,0,0,0,0,1,0,0,0,0,0,0,1,0,0,0,0,0.94,0.66,0.74,0.14,0.57,0.41,0.40,0.00
8,6,0,0,0,0,0,0,0,1,0,0,0,0,0,0,0,0,0,1,0,0.97,0.79,0.83,0.15,0.54,0.58,0.50,0.00
7,4,0,0,0,0,0,0,0,1,0,0,0,0,0,0,0,0,0,1,0,0.94,0.94,0.95,0.14,0.43,0.67,0.84,0.00
2,5,0,0,0,0,0,0,0,1,0,0,0,0,0,0,0,0,0,1,0,0.97,0.79,0.83,0.15,0.54,0.58,0.50,0.00
8,6,0,0,0,0,0,0,0,1,0,0,0,0,0,0,0,0,0,1,0,0.97,0.79,0.83,0.15,0.54,0.58,0.50,0.00
1,4,0,0,0,0,0,0,0,0,1,0,0,0,0,0,0,0,0,0,1,0.93,0.95,0.96,0.13,0.40,0.72,0.80,0.00
6,5,0,1,0,0,0,0,0,0,0,0,0,0,0,1,0,0,0,0,0,0.73,0.01,0.01,0.03,0.08,0.79,0.66,0.00
6,4,0,1,0,0,0,0,0,0,0,0,0,0,0,1,0,0,0,0,0,0.73,0.01,0.01,0.03,0.09,0.73,0.56,0.00
2,2,0,1,0,0,0,0,0,0,0,0,0,0,0,0,0,0,0,1,0,0.78,0.01,0.01,0.03,0.08,0.52,0.06,0.00
6,5,0,0,1,0,0,0,0,0,0,0,0,0,1,0,0,0,0,0,0,0.88,0.05,0.03,0.13,0.26,0.35,0.60,0.00
3,4,0,0,1,0,0,0,0,0,0,0,0,0,0,0,1,0,0,0,0,0.92,0.06,0.04,0.13,0.29,0.31,0.56,0.00
6,5,0,0,1,0,0,0,0,0,0,0,0,0,0,0,0,1,0,0,0,0.94,0.07,0.04,0.15,0.36,0.14,0.36,0.00
6,3,0,0,0,1,0,0,0,0,0,0,0,0,0,0,0,0,0,0,1,0.93,0.05,0.02,0.22,0.37,0.21,1.00,0.00
5,4,0,0,0,1,0,0,0,0,0,0,0,0,0,0,0,0,0,0,1,0.93,0.05,0.02,0.22,0.50,0.14,0.60,0.00
4,3,0,0,0,0,1,0,0,0,0,0,0,0,0,0,0,0,1,0,0,0.91,0.08,0.08,0.10,0.51,0.29,0.40,0.00
8,3,0,0,0,0,0,1,0,0,0,0,0,0,1,0,0,0,0,0,0,0.90,0.33,0.26,0.08,0.39,0.75,0.40,0.00
9,4,0,0,0,0,0,1,0,0,0,0,0,0,0,0,0,0,0,1,0,0.93,0.21,0.29,0.17,0.72,0.41,0.30,0.00
4,3,0,0,0,0,0,1,0,0,0,0,0,0,0,0,0,1,0,0,0,0.96,0.35,0.36,0.19,0.78,0.24,0.26,0.00
2,5,0,0,0,0,0,1,0,0,0,0,0,0,0,0,0,1,0,0,0,0.97,0.42,0.40,0.32,0.66,0.29,1.00,0.00
4,3,0,0,0,0,0,0,1,0,0,0,0,0,0,0,0,1,0,0,0,0.97,0.29,0.45,0.18,0.80,0.15,0.10,0.00
4,3,0,0,0,0,0,0,1,0,0,0,0,0,0,0,0,0,0,0,1,0.97,0.35,0.49,0.26,0.77,0.35,0.40,0.00
7,4,0,0,0,0,0,0,1,0,0,0,0,0,0,0,0,0,0,0,1,0.97,0.35,0.49,0.26,0.51,0.79,0.46,0.00
7,4,0,0,0,0,0,0,1,0,0,0,0,0,1,0,0,0,0,0,0,0.91,0.35,0.50,0.11,0.66,0.49,0.50,0.00
9,9,0,0,0,0,0,0,1,0,0,0,0,0,0,0,0,1,0,0,0,0.96,0.39,0.65,0.17,0.90,0.12,0.46,0.00
4,3,0,0,0,0,0,0,1,0,0,0,0,0,0,0,0,1,0,0,0,0.96,0.39,0.65,0.17,0.90,0.08,0.50,0.00
3,4,0,0,0,0,0,0,0,1,0,0,0,0,0,0,0,0,0,0,1,0.98,0.45,0.68,0.25,0.68,0.29,0.60,0.00
8,6,0,0,0,0,0,0,0,1,0,0,0,0,0,0,0,0,0,0,1,0.98,0.45,0.68,0.25,0.93,0.14,0.56,0.00
2,5,0,0,0,0,0,0,0,1,0,0,0,0,0,0,0,0,0,0,1,0.98,0.45,0.68,0.25,0.99,0.12,0.40,0.00
2,4,0,0,0,0,0,0,0,1,0,0,0,0,1,0,0,0,0,0,0,0.98,0.46,0.69,0.38,0.91,0.15,0.36,0.00
5,4,0,0,0,0,0,0,0,1,0,0,0,0,0,1,0,0,0,0,0,0.99,0.48,0.70,0.32,0.70,0.33,0.66,0.00
5,4,0,0,0,0,0,0,0,1,0,0,0,0,0,1,0,0,0,0,0,0.99,0.48,0.70,0.32,0.78,0.22,0.36,0.00
4,4,0,0,0,0,0,0,0,1,0,0,0,0,0,1,0,0,0,0,0,0.99,0.48,0.70,0.32,0.55,0.66,0.80,0.00
4,4,0,0,0,0,0,0,0,1,0,0,0,0,0,0,1,0,0,0,0,0.99,0.48,0.70,0.32,0.59,0.51,0.10,0.00
4,4,0,0,0,0,0,0,0,1,0,0,0,0,0,0,1,0,0,0,0,0.99,0.48,0.70,0.32,0.85,0.21,0.40,0.00
4,4,0,0,0,0,0,0,0,1,0,0,0,0,0,0,0,1,0,0,0,0.99,0.52,0.72,0.25,0.97,0.07,0.46,0.00
1,3,0,0,0,0,0,0,0,1,0,0,0,0,0,0,0,0,1,0,0,1.00,0.54,0.73,0.20,0.97,0.14,0.20,0.00
1,3,0,0,0,0,0,0,0,1,0,0,0,0,0,0,0,0,1,0,0,1.00,0.54,0.73,0.20,0.81,0.16,0.46,0.00
6,6,0,0,0,0,0,0,0,1,0,0,0,0,0,0,0,0,0,1,0,1.00,0.56,0.74,0.25,0.92,0.18,0.50,0.00
6,6,0,0,0,0,0,0,0,1,0,0,0,0,1,0,0,0,0,0,0,1.00,0.60,0.77,0.30,0.70,0.32,0.20,0.00
4,5,0,0,0,0,0,0,0,1,0,0,0,0,1,0,0,0,0,0,0,1.00,0.60,0.77,0.30,0.98,0.13,0.30,0.00
3,4,0,0,0,0,0,0,0,1,0,0,0,0,0,1,0,0,0,0,0,1.00,0.62,0.78,0.25,0.97,0.14,0.20,0.00
6,5,0,0,0,0,0,0,0,1,0,0,0,0,0,1,0,0,0,0,0,1.00,0.62,0.78,0.25,1.00,0.13,0.26,0.00
7,5,0,0,0,0,0,0,0,1,0,0,0,0,0,1,0,0,0,0,0,1.00,0.62,0.78,0.25,0.81,0.56,0.50,1.00
8,6,0,0,0,0,0,0,0,1,0,0,0,0,0,1,0,0,0,0,0,1.00,0.62,0.78,0.25,0.62,0.59,0.50,0.13
7,5,0,0,0,0,0,0,0,1,0,0,0,0,0,1,0,0,0,0,0,1.00,0.62,0.78,0.25,0.62,0.59,0.50,0.13
4,4,0,0,0,0,0,0,0,1,0,0,0,0,0,1,0,0,0,0,0,1.00,0.62,0.78,0.25,0.59,0.64,0.50,0.06
2,4,0,0,0,0,0,0,0,1,0,0,0,0,0,0,1,0,0,0,0,0.98,0.48,0.80,0.36,0.87,0.18,0.50,0.00
4,3,0,0,0,0,0,0,0,1,0,0,0,0,0,0,1,0,0,0,0,0.98,0.48,0.80,0.36,0.86,0.16,0.50,0.00
1,2,0,0,0,0,0,0,0,1,0,0,0,0,0,0,0,1,0,0,0,0.93,0.56,0.86,0.18,0.79,0.24,0.16,0.00
1,2,0,0,0,0,0,0,0,1,0,0,0,0,0,0,0,0,1,0,0,0.93,0.57,0.87,0.13,0.52,0.68,0.90,0.00
2,4,0,0,0,0,0,0,0,1,0,0,0,0,0,0,0,0,1,0,0,0.93,0.57,0.87,0.13,0.76,0.31,0.36,0.00
1,2,0,0,0,0,0,0,0,1,0,0,0,0,0,0,0,0,1,0,0,0.93,0.57,0.87,0.13,0.76,0.31,0.36,0.00
5,4,0,0,0,0,0,0,0,1,0,0,0,0,0,0,0,0,1,0,0,0.93,0.57,0.87,0.13,0.61,0.66,0.80,0.22
6,5,0,0,0,0,0,0,0,1,0,0,0,0,0,0,0,0,1,0,0,0.93,0.57,0.87,0.13,0.51,0.55,0.56,0.00
8,6,0,0,0,0,0,0,0,1,0,0,0,0,0,0,0,0,0,0,1,0.81,0.19,0.77,0.03,0.82,0.24,0.26,0.00
4,3,0,0,0,0,0,0,0,1,0,0,0,0,0,0,0,0,0,0,1,0.81,0.19,0.77,0.03,0.82,0.20,0.26,0.00
2,4,0,0,0,0,0,0,0,1,0,0,0,0,0,0,0,0,0,0,1,0.81,0.19,0.77,0.03,0.63,0.66,0.60,0.00
7,4,0,0,0,0,0,0,0,1,0,0,0,0,0,0,0,0,0,0,1,0.81,0.19,0.77,0.03,0.61,0.65,0.70,0.00
1,4,0,0,0,0,0,0,0,1,0,0,0,0,0,0,0,0,0,1,0,0.98,0.50,0.71,0.20,0.75,0.32,0.40,0.00
6,3,0,0,0,0,0,0,0,0,0,0,1,0,0,1,0,0,0,0,0,0.78,0.01,0.12,0.02,0.31,0.19,0.46,0.00
