4,6,0,0,0,0,0,0,0,0,0,0,0,1,0,0,0,0,1,0,0,-0.8051796373,-1.3220451374,-1.8287056191,-0.8601125287,-1.8408572338,0.4113259686,1.4971643784,-0.0731974162
4,5,1,0,0,0,0,0,0,0,0,0,0,0,0,0,0,0,0,0,1,-0.0080941945,-1.1783994651,0.4884178714,-0.5091951015,-0.153129955,-0.6917862687,-1.7400703383,-0.0731974162
6,5,0,1,0,0,0,0,0,0,0,0,0,0,1,0,0,0,0,0,0,-0.0080941945,-1.0488060869,0.5601729134,-0.5091951015,-0.7386679905,-0.6917862687,-1.5168127716,-0.0731974162
6,5,0,0,0,1,0,0,0,0,0,0,0,0,0,0,0,1,0,0,0,0.1911771662,-1.2111881512,-1.896429479,-0.0047512998,-1.8236355268,3.230390575,-0.0098241966,0.6025715867
8,6,0,0,1,0,0,0,0,0,0,0,0,0,0,0,0,0,1,0,0,-0.2435967117,-0.9301422706,-1.7968592803,0.1268427354,-1.2897626121,3.3529586014,-1.2377408133,-0.0731974162
3,4,0,0,1,0,0,0,0,0,0,0,0,0,0,0,1,0,0,0,0,0.2998706356,-0.3992778296,-0.241629213,1.2453920348,0.5701817359,-0.9369223215,0.7715772867,-0.0731974162
7,4,0,0,0,0,0,0,0,0,1,0,0,0,0,0,1,0,0,0,0,0.2998706356,-0.3430686535,-0.2109922288,-0.1144129958,0.8973941675,-1.0594903479,-0.5121537216,-0.0731974162
6,5,0,0,0,0,1,0,0,0,0,0,0,0,0,0,0,0,0,1,0,0.1549460097,0.5391031383,0.2429188794,0.3680984667,-1.8753006476,2.55626643,-1.0144832466,-0.0731974162
6,5,0,0,1,0,0,0,0,0,0,0,0,0,0,0,0,0,1,0,0,0.0643681184,0.2908459438,0.5831506515,-0.4433980839,-0.9969935944,1.1467341268,0.7715772867,-0.0731974162
6,3,0,0,0,0,0,0,0,0,0,0,1,0,0,1,0,0,0,0,0,0.3361017921,-0.3571209475,0.6073377443,-0.4214657447,0.6735119774,-0.2627981765,-0.0098241966,-0.0731974162
4,5,0,0,0,0,0,0,0,0,1,0,0,0,0,0,0,0,0,0,1,0.3361017921,-0.3571209475,0.6073377443,-0.4214657447,-0.1875733689,0.4113259686,1.7762363367,-0.0731974162
7,4,0,0,0,0,0,0,0,0,0,1,0,0,0,0,0,0,0,1,0,0.3904485268,-0.588203116,0.6653867671,2.978046832,0.070752235,-0.3853662028,-0.0098241966,-0.0731974162
8,6,0,0,0,0,0,1,0,0,0,0,0,0,0,0,0,0,0,0,1,-4.9174158988,-0.6256759,0.4730993793,-1.8032031145,-0.3253470243,1.6982902454,1.4971643784,-0.0731974162
8,6,0,0,0,0,0,0,0,0,1,0,0,0,1,0,0,0,0,0,0,0.0462525402,0.2440049637,0.5585604405,-0.4433980839,0.4151863736,-0.1402301501,-1.0144832466,-0.0731974162
6,3,0,0,0,0,0,0,0,0,1,0,0,0,0,0,0,0,1,0,0,0.4085641051,0.3501778519,0.6113689265,0.0391133786,1.2934934268,-1.427194427,0.2692477617,-0.0731974162
8,6,0,0,0,0,0,0,0,1,0,0,0,0,0,0,0,0,0,0,1,0.4810264181,0.4735257661,0.669014831,1.0699333212,0.6907336844,-0.0176621237,0.7715772867,-0.0731974162
8,6,0,0,0,0,0,0,0,1,0,0,0,0,0,0,1,0,0,0,0,0.1911771662,-1.1721540011,-1.8831265779,-0.2679393702,-0.6525594559,-1.0594903479,0.7715772867,-0.0731974162
3,5,0,0,0,0,0,0,0,1,0,0,0,0,0,0,0,0,0,1,0,-1.0406821545,-1.2189949812,0.4686650789,-1.320691652,-0.377012145,0.1661899158,0.4925053284,-0.0731974162
9,9,0,0,0,0,0,0,1,0,0,0,0,0,0,1,0,0,0,0,0,-0.26171229,-1.2955019154,-1.9234383993,-0.5969244583,-0.5147858005,-0.5692182424,-0.0098241966,-0.0731974162
6,3,0,0,0,0,0,0,0,0,1,0,0,0,0,0,0,1,0,0,0,-0.787064059,-1.3033087454,-1.8174183091,-0.8601125287,-1.6514184576,-0.0176621237,0.2692477617,-0.0731974162
6,3,0,0,0,0,0,0,0,1,0,0,0,0,0,0,0,1,0,0,0,0.0643681184,0.2908459438,0.5831506515,-0.4433980839,-0.1014648342,-0.2627981765,-0.7354112883,-0.0731974162
1,3,0,0,0,0,0,0,0,0,1,0,0,0,0,0,0,0,1,0,0,0.2092927444,-0.5054507178,0.7109391252,0.0391133786,0.0363088212,-0.3853662028,-0.7354112883,-0.0731974162
2,2,0,0,0,0,0,0,0,0,1,0,0,0,0,0,0,0,1,0,0,0.6621822005,-0.2275275693,-1.4026096676,10.3253804653,0.3635212528,-0.0176621237,0.2692477617,-0.0731974162
6,5,0,0,0,0,0,0,0,0,1,0,0,0,0,1,0,0,0,0,0,-0.0805565075,0.0004318672,-0.0424888156,-0.6188567975,0.1051956489,-0.0789461369,0.9948348534,-0.0731974162
8,6,0,0,0,0,0,0,0,1,0,0,0,0,0,1,0,0,0,0,0,0.5172575746,0.4454211781,0.1864823296,2.4736030303,0.8285073398,-0.7530702819,0.9948348534,-0.0731974162
2,4,0,0,0,0,0,0,0,1,0,0,0,0,0,0,0,0,0,0,1,0.1368304314,0.4922621582,0.2155068409,0.3461661275,-0.4458989728,0.9628820872,0.7715772867,-0.0731974162
2,4,0,0,0,0,0,0,0,1,0,0,0,0,0,0,0,0,0,0,1,0.3179862139,0.1097274874,0.483983571,0.6970835547,0.0190871143,-0.6305022556,0.9948348534,-0.0731974162
2,4,0,0,0,0,0,0,0,0,1,0,0,0,1,0,0,0,0,0,0,0.0462525402,0.2440049637,0.5585604405,-0.4433980839,0.087973942,0.227473929,-1.5168127716,-0.0731974162
6,3,0,0,0,0,0,0,0,0,1,0,0,0,0,0,0,0,0,0,1,0.4991419963,0.5391031383,0.699248697,-0.2021423526,1.94791829,-1.2433423874,-0.7354112883,-0.0731974162
3,4,0,0,0,0,0,0,0,0,1,0,0,0,0,0,0,0,0,0,1,0.5172575746,0.5999964124,0.7282732083,-0.2021423526,0.6735119774,-0.3240821896,-0.2330817633,-0.0731974162
8,6,0,0,0,0,0,0,0,1,0,0,0,0,1,0,0,0,0,0,0,0.6621822005,-0.4024005616,0.5819412969,1.5085801053,1.1212763575,-1.2433423874,-0.2330817633,-0.0731974162
3,4,0,0,0,0,0,0,0,1,0,0,0,0,0,0,0,0,0,0,1,-0.3704057594,-0.2977890394,0.6528901024,-0.4214657447,-1.324206026,2.0659943245,1.9994939034,-0.0731974162
7,6,0,0,0,0,0,0,1,0,0,0,0,0,0,1,0,0,0,0,0,-0.3704057594,-0.6428509261,0.6403934378,-0.7065861543,0.2946344251,-0.446650216,-1.2377408133,-0.0731974162
1,5,0,0,0,0,0,0,0,0,1,0,0,0,0,0,0,0,0,0,1,0.1911771662,-0.5507303319,0.6867520324,-0.2679393702,-0.2047950758,-0.3240821896,-0.2330817633,-0.0731974162
8,6,0,0,0,0,0,0,0,1,0,0,0,0,0,0,1,0,0,0,0,0.2092927444,-0.5054507178,0.7109391252,0.0391133786,0.3979646666,-0.7530702819,-0.7354112883,-0.0731974162
6,5,0,0,0,0,0,0,0,1,0,0,0,0,0,1,0,0,0,0,0,-0.0624409293,-0.4711006657,0.7347230998,-0.5969244583,-0.1186865412,1.0854501136,0.2692477617,-0.0731974162
6,3,0,1,0,0,0,0,0,0,0,0,0,0,0,0,0,0,0,0,1,-0.0080941945,-1.1783994651,0.4884178714,-0.5091951015,0.4840732013,-1.2433423874,0.2692477617,-0.0731974162
4,4,0,0,0,0,0,0,0,0,0,0,0,1,1,0,0,0,0,0,0,-0.116787664,-1.0831561389,0.5428388302,-0.0705483174,-1.3069843191,0.9628820872,0.7715772867,-0.0731974162
3,4,0,0,0,0,0,0,0,0,0,0,0,1,1,0,0,0,0,0,0,-0.0080941945,-1.0488060869,0.5601729134,-0.5091951015,-0.1875733689,-1.0594903479,-0.0098241966,-0.0731974162
4,4,0,0,0,0,0,0,0,0,0,0,0,1,1,0,0,0,0,0,0,-0.4609836506,-1.3298519674,-1.9363381821,-1.1452329384,-0.8247765251,-0.0789461369,-0.7354112883,-0.0731974162
4,4,0,0,0,0,0,0,0,0,0,0,0,1,1,0,0,0,0,0,0,-2.0189233797,-0.7849352324,-0.7306116059,-1.6496767401,0.7596205121,-0.446650216,-0.5121537216,-0.0731974162
2,2,0,1,0,0,0,0,0,0,0,0,0,0,0,0,0,0,0,1,0,-0.0805565075,-0.2181593732,0.3074177936,-0.026683639,-0.0842431273,-0.1402301501,1.4971643784,-0.0731974162
6,5,0,1,0,0,0,0,0,0,0,0,0,0,0,1,0,0,0,0,0,0.7527600917,-0.0401636489,0.3997318644,1.7498358365,-0.394233852,0.5951780081,0.7715772867,-0.0731974162
4,6,0,0,0,0,0,0,0,0,0,0,0,1,0,0,0,0,0,0,1,0.3361017921,-0.3571209475,0.6073377443,-0.4214657447,0.1224173558,0.227473929,-0.7354112883,-0.0731974162
6,5,0,0,0,0,0,0,0,0,0,0,0,1,0,1,0,0,0,0,0,-0.0986720858,-0.4367506137,0.7568946015,-0.6188567975,-1.0314370082,1.8208582718,0.4925053284,-0.0731974162
4,6,0,0,0,0,0,0,0,0,0,0,0,1,0,0,0,1,0,0,0,0.6621822005,-0.4024005616,0.5819412969,1.5085801053,1.2073848922,-1.2433423874,-0.0098241966,-0.0731974162
8,6,0,0,0,0,0,0,0,0,0,0,0,1,0,0,1,0,0,0,0,0.0462525402,0.2440049637,0.5585604405,-0.4433980839,-0.7214462836,1.5757222191,-0.2330817633,-0.0731974162
6,4,0,1,0,0,0,0,0,0,0,0,0,0,0,1,0,0,0,0,0,0.6440666223,-0.7583920103,-0.4234355273,0.4338954843,0.7079553913,-0.5079342292,-0.5121537216,-0.0731974162
7,4,0,0,0,0,0,0,0,1,0,0,0,0,0,0,0,0,0,1,0,-0.6240238548,-1.3579565555,-1.9480286103,-1.0794359208,-1.2208757844,-0.5692182424,-1.2377408133,-0.0731974162
6,5,0,0,1,0,0,0,0,0,0,0,0,0,0,0,0,1,0,0,0,-0.5515615419,-0.9160899766,-1.7904093888,-0.882044868,-1.3586494398,0.1049059026,0.9948348534,-0.0731974162
2,4,1,0,0,0,0,0,0,0,0,0,0,0,0,0,0,0,0,1,0,0.4085641051,0.407948394,0.638780965,0.0391133786,0.3290778389,-1.6723304797,-1.5168127716,-0.0731974162
2,2,0,0,1,0,0,0,0,0,0,0,0,0,0,0,0,0,0,0,1,-0.0805565075,-0.1760024912,0.3356360685,-0.5969244583,0.4496297874,-0.6305022556,-1.0144832466,-0.0731974162
6,5,0,0,0,1,0,0,0,0,0,0,0,0,0,0,0,1,0,0,0,0.2636394791,0.0051159652,0.4279501394,0.1268427354,0.2601910112,-0.1402301501,0.4925053284,-0.0731974162
9,9,0,1,0,0,0,0,0,0,0,0,0,0,0,0,0,1,0,0,0,0.2636394791,0.0051159652,0.4279501394,0.1268427354,0.2601910112,-0.1402301501,0.4925053284,-0.0731974162
5,4,0,1,0,0,0,0,0,0,0,0,0,0,0,0,0,0,1,0,0,0.1911771662,0.0535183113,0.4569746507,-0.5969244583,-0.2220167827,0.0436218895,-0.2330817633,-0.0731974162
7,4,0,1,0,0,0,0,0,0,0,0,0,0,1,0,0,0,0,0,0,0.4085641051,0.407948394,0.638780965,0.0391133786,1.5173756168,-1.2433423874,-1.0144832466,-0.0731974162
8,6,0,0,0,0,0,0,0,1,0,0,0,0,1,0,0,0,0,0,0,-0.0624409293,-0.4711006657,0.7347230998,-0.5969244583,-0.1875733689,1.1467341268,0.4925053284,-0.0731974162
7,5,0,0,1,0,0,0,0,0,0,0,0,0,0,0,0,0,1,0,0,0.3542173704,-1.0050878388,0.5799257058,-0.0486159782,-0.8764416459,0.3500419554,-0.7354112883,-0.0731974162
7,4,0,1,0,0,0,0,0,0,0,0,0,0,0,0,0,0,1,0,0,-1.2037223587,-1.5859159919,-2.0717859018,-1.5180827049,-0.859219939,-0.2627981765,0.7715772867,-0.0731974162
1,3,0,0,1,0,0,0,0,0,0,0,0,0,1,0,0,0,0,0,0,-0.7327173243,-1.5250227178,-2.0355052626,-0.8162478503,-1.1347672498,0.4113259686,-1.7400703383,-0.0731974162
6,5,0,0,1,0,0,0,0,0,0,0,0,0,0,0,0,1,0,0,0,-0.2435967117,-0.9301422706,-1.7968592803,0.1268427354,-1.2725409052,-0.3240821896,0.9948348534,-0.0731974162
3,4,0,1,0,0,0,0,0,0,0,0,0,0,0,0,1,0,0,0,0,-0.2435967117,-0.9301422706,-1.7968592803,0.1268427354,-2.3058433208,0.901598074,1.2739068117,-0.0731974162
7,4,0,1,0,0,0,0,0,0,0,0,0,0,0,0,0,0,0,0,1,0.4266796833,-0.5554144299,-0.3278965107,-0.2898717094,-0.0153562996,-0.5692182424,0.4925053284,-0.0731974162
3,5,0,0,1,0,0,0,0,0,0,0,0,0,1,0,0,0,0,0,0,-0.0805565075,-0.1760024912,0.3356360685,-0.5969244583,0.3290778389,-0.6917862687,-0.7354112883,-0.0731974162
6,4,0,0,0,1,0,0,0,0,0,0,0,0,0,0,0,0,0,1,0,0.0824836967,-0.119793315,0.3662730527,-0.7065861543,0.7251770982,-0.8143542951,-0.5121537216,-0.0731974162
4,3,0,0,0,0,0,0,0,0,1,0,0,0,1,0,0,0,0,0,0,0.1911771662,0.0535183113,0.4569746507,-0.5969244583,-0.0497997135,-0.0176621237,0.2692477617,-0.0731974162
4,5,0,1,0,0,0,0,0,0,0,0,0,0,0,0,0,0,0,0,1,0.3179862139,0.1097274874,0.483983571,0.6970835547,0.7079553913,-0.446650216,0.2692477617,-0.0731974162
5,4,0,0,0,0,0,0,0,0,1,0,0,0,0,0,0,0,1,0,0,0.3179862139,0.1097274874,0.483983571,0.6970835547,0.1224173558,-0.6917862687,0.7715772867,-0.0731974162
5,4,0,0,0,0,0,0,0,0,1,0,0,0,0,0,0,0,1,0,0,0.3179862139,0.1097274874,0.483983571,0.6970835547,0.1224173558,-0.6917862687,1.2739068117,-0.0731974162
6,5,0,0,1,0,0,0,0,0,0,0,0,0,1,0,0,0,0,0,0,0.1911771662,-1.2111881512,-1.896429479,-0.0047512998,-0.2909036104,-1.120774361,0.2692477617,-0.0731974162
3,4,0,0,0,0,0,0,0,1,0,0,0,0,1,0,0,0,0,0,0,0.1005992749,-0.9769832507,-1.8145964816,0.7628805724,-0.5320075074,-1.0594903479,1.9994939034,-0.0731974162
6,5,0,0,0,0,0,0,0,0,1,0,0,0,0,0,0,0,1,0,0,0.6621822005,-0.4024005616,0.5819412969,1.5085801053,-0.2047950758,-0.446650216,-0.2330817633,-0.0731974162
4,5,0,0,0,0,0,0,0,1,0,0,0,0,0,0,0,0,0,0,1,0.1911771662,-1.2111881512,-1.896429479,-0.0047512998,-0.5664509212,-1.1820583742,1.2739068117,-0.0731974162
3,4,0,0,1,0,0,0,0,0,0,0,0,0,1,0,0,0,0,0,0,-0.3341746029,0.5687690923,0.2683153269,-0.0047512998,-0.2736819035,-0.0789461369,0.2692477617,-0.0731974162
4,6,0,0,1,0,0,0,0,0,0,0,0,0,0,0,0,0,0,0,1,0.4810264181,0.4735257661,0.669014831,1.0699333212,1.5001539099,-0.8756383083,-1.5168127716,-0.0731974162
6,5,0,0,0,0,0,1,0,0,0,0,0,0,0,0,0,0,0,1,0,-1.1674912022,-1.624950142,-2.1016166496,-0.2898717094,-2.0991828377,2.1272783377,-0.5121537216,-0.0731974162
6,5,0,0,0,1,0,0,0,0,0,0,0,0,1,0,0,0,0,0,0,-0.7327173243,-1.5250227178,-2.0355052626,-0.8162478503,-0.5492292143,-0.0789461369,-0.5121537216,-0.0731974162
4,4,0,0,1,0,0,0,0,0,0,0,0,0,1,0,0,0,0,0,0,-0.5515615419,-0.9160899766,-1.7904093888,-0.882044868,-1.8236355268,1.6982902454,-0.5121537216,-0.0731974162
7,3,0,0,1,0,0,0,0,0,0,0,0,0,1,0,0,0,0,0,0,-0.0986720858,-0.0448477469,-0.0731257999,0.7628805724,-0.7214462836,1.3305861663,-0.7354112883,-0.0731974162
4,3,0,0,1,0,0,0,0,0,0,0,0,0,1,0,0,0,0,0,0,0.0643681184,0.1612525655,0.055065792,-0.4433980839,0.4668514943,-1.5497624533,1.4971643784,-0.0731974162
3,4,0,0,1,0,0,0,0,0,0,0,0,0,0,0,1,0,0,0,0,0.1368304314,0.4922621582,0.2155068409,0.3461661275,0.1051956489,-0.3240821896,1.2739068117,-0.0731974162
6,3,0,0,0,0,0,0,0,0,1,0,0,0,1,0,0,0,0,0,0,-0.0805565075,-0.1760024912,0.3356360685,-0.5969244583,-0.1703516619,-0.0176621237,-1.0144832466,-0.0731974162
3,4,0,0,0,0,0,0,0,1,0,0,0,0,0,0,0,0,1,0,0,0.7527600917,-0.0401636489,0.3997318644,1.7498358365,-0.0497997135,0.4113259686,0.2692477617,-0.0731974162
7,4,0,0,0,0,0,0,0,0,0,1,0,0,0,0,0,0,1,0,0,0.2636394791,0.0051159652,0.4279501394,0.1268427354,-0.394233852,0.1661899158,-1.7400703383,-0.0731974162
8,6,0,0,1,0,0,0,0,0,0,0,0,0,0,0,0,0,0,0,1,0.1911771662,0.0535183113,0.4569746507,-0.5969244583,0.2257475974,0.0436218895,-0.2330817633,-0.0731974162
2,2,0,0,1,0,0,0,0,0,0,0,0,0,0,0,0,0,0,0,1,0.4085641051,0.407948394,0.638780965,0.0391133786,0.4496297874,-1.7948985061,-1.7400703383,-0.0731974162
8,6,0,0,1,0,0,0,0,0,0,0,0,0,0,0,0,0,0,0,1,0.4085641051,0.407948394,0.638780965,0.0391133786,1.1212763575,-1.0594903479,-1.0144832466,-0.0731974162
7,4,0,0,1,0,0,0,0,0,0,0,0,0,0,0,0,0,0,0,1,0.4085641051,0.407948394,0.638780965,0.0391133786,0.6046251497,-0.6305022556,-1.0144832466,-0.0731974162
3,4,0,0,1,0,0,0,0,0,0,0,0,0,0,0,0,0,0,1,0,0.5172575746,0.5999964124,0.7282732083,-0.2021423526,1.1040546506,-0.5079342292,-0.2330817633,-0.0731974162
5,5,0,0,1,0,0,0,0,0,0,0,0,0,0,0,0,1,0,0,0,0.1911771662,-1.1721540011,-1.8831265779,-0.2679393702,-0.2564601966,-1.1820583742,0.4925053284,-0.0731974162
3,4,0,0,0,0,0,0,0,1,0,0,0,0,0,0,0,0,0,0,1,-0.0805565075,-0.2181593732,0.3074177936,-0.026683639,-0.7214462836,0.901598074,0.9948348534,-0.0731974162
4,4,0,0,1,0,0,0,0,0,0,0,0,0,1,0,0,0,0,0,0,0.1911771662,-1.1721540011,-1.8831265779,-0.2679393702,-0.2564601966,-1.2433423874,0.7715772867,-0.0731974162
1,4,0,0,0,0,0,0,0,1,0,0,0,0,0,0,0,0,1,0,0,0.2998706356,-0.3992778296,-0.241629213,1.2453920348,0.3290778389,-0.7530702819,1.2739068117,-0.0731974162
6,3,0,0,0,0,0,0,0,0,1,0,0,0,1,0,0,0,0,0,0,0.1368304314,0.4922621582,0.2155068409,0.3461661275,-0.1186865412,-0.0789461369,0.4925053284,-0.0731974162
2,4,0,0,0,0,0,0,0,0,1,0,0,0,0,0,0,0,0,0,1,0.0824836967,-0.119793315,0.3662730527,-0.7065861543,0.776842219,-1.3659104138,-0.7354112883,-0.0731974162
2,2,0,1,0,0,0,0,0,0,0,0,0,0,0,0,0,0,1,0,0,-0.1711343987,-0.3258936274,0.6307186007,-0.9259095464,-0.1875733689,1.20801814,-1.5168127716,-0.0731974162
5,4,0,1,0,0,0,0,0,0,0,0,0,0,0,0,0,0,0,0,1,-1.2218379369,-1.60621375,-2.0871043939,-1.4084210088,-1.0658804221,0.227473929,-1.2377408133,-0.0731974162
6,5,0,0,1,0,0,0,0,0,0,0,0,0,0,0,0,0,0,0,1,-3.9210590953,-1.6936502461,-2.1463627713,-1.8251354537,-0.2564601966,-1.2433423874,0.7715772867,-0.0731974162
1,3,0,0,0,0,0,0,0,0,1,0,0,0,1,0,0,0,0,0,0,0.1368304314,0.4922621582,0.2155068409,0.3461661275,-1.2553191983,2.6175504432,0.2692477617,-0.0731974162
7,6,0,0,0,0,0,0,1,0,0,0,0,0,0,0,1,0,0,0,0,0.1368304314,0.4922621582,0.2155068409,0.3461661275,0.1568607697,-0.3240821896,0.7715772867,-0.0731974162
3,4,0,1,0,0,0,0,0,0,0,0,0,0,0,0,0,0,0,1,0,0.1368304314,0.4922621582,0.2155068409,0.3461661275,0.1568607697,-0.3240821896,0.7715772867,-0.0731974162
4,5,0,0,1,0,0,0,0,0,0,0,0,0,0,0,0,0,1,0,0,-0.3341746029,0.5687690923,0.2683153269,-0.0047512998,-0.7731114043,1.3305861663,0.7715772867,-0.0731974162
5,4,0,0,0,0,0,0,0,0,1,0,0,0,0,0,0,0,1,0,0,0.7527600917,-0.0401636489,0.3997318644,1.7498358365,0.2085258904,-0.2627981765,-0.0098241966,-0.0731974162
3,5,0,0,0,0,0,0,0,0,1,0,0,0,0,0,0,1,0,0,0,0.3361017921,0.1596911995,0.5097831367,-0.0924806566,0.8973941675,-0.9369223215,0.2692477617,-0.0731974162
4,4,0,0,0,0,0,0,0,0,1,0,0,0,0,0,1,0,0,0,0,-1.5479183453,-1.6733524881,-2.1713561005,-1.3426239912,-2.3402867346,2.0659943245,-0.5121537216,-0.0731974162
8,6,0,0,0,0,0,0,0,0,1,0,0,0,0,1,0,0,0,0,0,-0.859526372,-1.4266566596,-1.9778593581,-1.3645563304,-1.0658804221,0.4726099818,1.2739068117,-0.0731974162
5,4,0,0,1,0,0,0,0,0,0,0,0,0,1,0,0,0,0,0,0,0.1368304314,-1.2517836673,-1.9093292618,-0.3337363878,-0.1186865412,-0.9369223215,-0.5121537216,-0.0731974162
6,5,0,0,1,0,0,0,0,0,0,0,0,0,0,0,0,1,0,0,0,-0.0805565075,-0.1760024912,0.3356360685,-0.5969244583,0.4324080805,-0.6917862687,-0.5121537216,-0.0731974162
6,4,0,0,1,0,0,0,0,0,0,0,0,0,0,0,0,0,0,1,0,0.3361017921,-0.3571209475,0.6073377443,-0.4214657447,0.2429693043,0.0436218895,-0.5121537216,-0.0731974162
7,5,0,0,0,1,0,0,0,0,0,0,0,0,0,0,0,0,0,0,1,-0.3704057594,-0.2977890394,0.6528901024,-0.4214657447,-0.2564601966,0.7177460345,0.7715772867,-0.0731974162
2,2,0,0,0,0,0,0,1,0,0,0,0,0,0,0,0,0,1,0,0,-0.859526372,-1.4266566596,-1.9778593581,-1.3645563304,-0.8936633528,-0.0789461369,0.9948348534,-0.0731974162
6,3,0,0,0,1,0,0,0,0,0,0,0,0,0,0,0,0,0,0,1,0.1911771662,-1.2111881512,-1.896429479,-0.0047512998,-0.0153562996,-1.6110464665,0.2692477617,-0.0731974162
4,4,0,0,1,0,0,0,0,0,0,0,0,0,0,0,0,0,1,0,0,-0.1711343987,-0.3258936274,0.6307186007,-0.9259095464,0.6735119774,-0.3240821896,-0.2330817633,-0.0731974162
6,5,0,0,0,0,0,0,0,0,1,0,0,0,0,0,0,1,0,0,0,0.2092927444,-0.5054507178,0.7109391252,0.0391133786,0.0018654073,-0.5692182424,-0.7354112883,-0.0731974162
6,5,0,0,1,0,0,0,0,0,0,0,0,0,0,0,1,0,0,0,0,-0.4609836506,-1.3298519674,-1.9363381821,-1.1452329384,-0.5320075074,-1.0594903479,1.9994939034,-0.0731974162
4,3,0,0,0,0,0,0,0,0,0,1,0,0,0,0,0,0,0,0,1,-0.4609836506,-1.3298519674,-1.9363381821,-1.1452329384,-0.5836726282,-1.0594903479,1.2739068117,-0.0731974162
7,4,0,0,0,0,0,0,0,0,1,0,0,0,0,0,0,0,0,0,1,0.1911771662,-1.1721540011,-1.8831265779,-0.2679393702,-1.2553191983,-0.8756383083,1.2739068117,-0.0731974162
2,2,0,1,0,0,0,0,0,0,0,0,0,0,1,0,0,0,0,0,0,0.1911771662,-1.1721540011,-1.8831265779,-0.2679393702,-0.6353377489,-1.0594903479,0.4925053284,-0.0731974162
3,4,0,0,0,0,0,0,0,0,1,0,0,0,0,1,0,0,0,0,0,-0.0986720858,-1.111260727,-1.8597457215,-0.6188567975,-1.4275362675,-0.8756383083,-0.0098241966,-0.0731974162
4,6,0,0,1,0,0,0,0,0,0,0,0,0,1,0,0,0,0,0,0,0.4266796833,-0.5554144299,-0.3278965107,-0.2898717094,0.1224173558,-0.5079342292,-0.5121537216,-0.0731974162
4,4,0,0,1,0,0,0,0,0,0,0,0,0,0,1,0,0,0,0,0,0.1549460097,0.5391031383,0.2429188794,0.3680984667,-1.4792013883,1.8208582718,-1.0144832466,-0.0731974162
4,5,0,1,0,0,0,0,0,0,0,0,0,0,0,0,0,0,0,1,0,0.1549460097,0.5391031383,0.2429188794,0.3680984667,-0.3081253173,-0.0789461369,0.7715772867,-0.0731974162
1,4,0,0,0,0,0,0,0,1,0,0,0,0,0,0,0,0,0,1,0,0.3179862139,0.2065321796,0.5351795841,-0.1144129958,0.6218468567,-0.1402301501,0.7715772867,-0.0731974162
3,4,0,0,0,0,0,0,1,0,0,0,0,0,0,0,1,0,0,0,0,-1.1312600457,-0.585080384,0.4997051814,-1.2768269736,-0.1703516619,0.0436218895,-0.5121537216,-0.0731974162
8,6,0,0,0,0,0,0,0,1,0,0,0,0,0,0,0,0,0,1,0,0.6621822005,-0.4024005616,0.5819412969,1.5085801053,0.1568607697,0.3500419554,0.7715772867,-0.0731974162
6,4,0,0,0,0,0,1,0,0,0,0,0,0,0,0,0,0,0,0,1,0.3542173704,-1.0050878388,0.5799257058,-0.0486159782,0.2946344251,-1.2433423874,0.7715772867,-0.0731974162
8,3,0,0,0,0,0,1,0,0,0,0,0,0,1,0,0,0,0,0,0,-0.5515615419,-0.9160899766,-1.7904093888,-0.882044868,-1.7030835784,0.2887579422,-1.0144832466,-0.0731974162
3,4,0,0,0,0,0,0,0,1,0,0,0,0,0,1,0,0,0,0,0,0.5172575746,0.5999964124,0.7282732083,-0.2021423526,-0.2909036104,-0.0789461369,-0.5121537216,-0.0731974162
8,6,0,0,0,0,0,0,0,1,0,0,0,0,0,1,0,0,0,0,0,0.1368304314,-1.139365315,0.5073644274,-0.8381801895,-0.5147858005,0.1049059026,-0.2330817633,-0.0731974162
1,4,0,0,0,0,0,0,0,0,1,0,0,0,0,0,0,0,0,0,1,0.3542173704,-1.0050878388,0.5799257058,-0.0486159782,-0.6008943351,-0.5692182424,-1.7400703383,-0.0731974162
6,5,0,0,1,0,0,0,0,0,0,0,0,0,0,0,0,0,1,0,0,-4.0659837213,-1.3954293395,-1.8573270123,-1.8032031145,-0.6008943351,-0.2627981765,-0.7354112883,-0.0731974162
6,3,0,1,0,0,0,0,0,0,0,0,0,0,0,0,0,0,1,0,0,-0.6240238548,-1.3579565555,-1.9480286103,-1.0794359208,-0.8419982321,-0.3240821896,-0.5121537216,-0.0731974162
6,5,0,0,0,0,0,0,0,1,0,0,0,0,0,0,0,0,0,1,0,-0.2435967117,-0.9301422706,-1.7968592803,0.1268427354,-1.4275362675,0.1049059026,0.4925053284,-0.0731974162
1,2,0,0,0,0,0,0,0,1,0,0,0,0,0,0,0,0,1,0,0,0.553488731,-0.4679779337,0.5533199037,1.9472268894,-0.2220167827,-0.1402301501,-0.5121537216,-0.0731974162
5,6,0,0,0,0,0,0,0,0,1,0,0,0,1,0,0,0,0,0,0,-0.4609836506,-1.3298519674,-1.9363381821,-1.1452329384,-0.6870028697,-0.3853662028,-0.7354112883,-0.0731974162
1,2,0,0,0,0,0,0,1,0,0,0,0,0,0,0,0,0,1,0,0,0.5172575746,0.4454211781,0.1864823296,2.4736030303,-0.2220167827,0.4726099818,0.9948348534,-0.0731974162
3,5,0,0,1,0,0,0,0,0,0,0,0,0,0,1,0,0,0,0,0,0.3179862139,0.2065321796,0.5351795841,-0.1144129958,-0.2909036104,0.8403140609,-1.5168127716,-0.0731974162
5,5,0,0,1,0,0,0,0,0,0,0,0,0,0,0,0,0,0,1,0,0.0462525402,0.2440049637,0.5585604405,-0.4433980839,-0.5664509212,1.3305861663,-0.5121537216,-0.0731974162
5,6,0,0,1,0,0,0,0,0,0,0,0,0,0,0,0,0,0,1,0,-0.8776419503,-0.9769832507,-0.9454736136,-1.1233005992,-0.153129955,-0.1402301501,-0.7354112883,-0.0731974162
2,4,0,0,1,0,0,0,0,0,0,0,0,0,0,1,0,0,0,0,0,0.0643681184,0.2908459438,0.5831506515,-0.4433980839,0.4840732013,-0.3853662028,-1.0144832466,-0.0731974162
6,5,0,0,1,0,0,0,0,0,0,0,0,0,1,0,0,0,0,0,0,0.0462525402,0.2440049637,0.5585604405,-0.4433980839,0.5185166151,-0.3240821896,-1.2377408133,-0.0731974162
3,4,0,0,1,0,0,0,0,0,0,0,0,0,0,0,0,0,0,1,0,0.8795691394,-0.1713183931,-0.1396403051,0.9164069468,0.7596205121,-0.8143542951,0.2692477617,-0.0731974162
6,3,0,0,1,0,0,0,0,0,0,0,0,0,0,0,0,0,0,1,0,-0.0986720858,-0.0448477469,-0.0731257999,0.7628805724,0.3979646666,0.4113259686,2.7250809951,-0.0731974162
6,3,0,0,0,1,0,0,0,0,0,0,0,0,0,0,1,0,0,0,0,-0.116787664,-0.9301422706,-1.0144068281,-0.0705483174,-0.394233852,0.5338939949,0.7715772867,-0.0731974162
7,4,0,0,0,0,0,0,0,0,1,0,0,0,0,0,0,0,1,0,0,0.8795691394,-0.1713183931,-0.1396403051,0.9164069468,0.8457290467,-0.7530702819,0.7715772867,-0.0731974162
2,5,0,0,0,0,0,0,0,0,0,1,0,0,0,0,0,0,0,0,1,0.8252224047,0.3251959958,0.1244021247,0.3023014491,1.465710496,-1.3659104138,-0.0098241966,-0.0731974162
4,6,0,1,0,0,0,0,0,0,0,0,0,0,0,0,0,0,0,1,0,-0.0986720858,-1.111260727,-1.8597457215,-0.6188567975,-0.9797718875,-0.2627981765,0.7715772867,-0.0731974162
4,4,0,0,0,0,0,0,0,0,1,0,0,0,0,0,0,0,1,0,0,-1.1312600457,-0.585080384,0.4997051814,-1.2768269736,0.9146158744,-0.9982063347,-0.2330817633,-0.0731974162
7,4,0,0,0,0,0,0,0,0,1,0,0,0,0,0,1,0,0,0,0,0.7527600917,-0.0401636489,0.3997318644,1.7498358365,-0.2564601966,-0.0789461369,1.4971643784,-0.0731974162
6,5,0,0,0,0,0,0,0,0,1,0,0,0,0,0,0,0,0,1,0,0.553488731,-0.4679779337,0.5533199037,1.9472268894,0.8285073398,-1.1820583742,0.2692477617,-0.0731974162
2,4,0,0,0,0,0,0,0,1,0,0,0,0,0,0,0,0,0,0,1,0.3361017921,-0.8505126045,-0.4621348758,-0.4214657447,0.7423988051,-0.3240821896,0.7715772867,-0.0731974162
3,5,0,0,1,0,0,0,0,0,0,0,0,0,0,1,0,0,0,0,0,-0.0986720858,-0.6600259521,-0.7769702004,-0.3995334055,1.017946116,-0.9369223215,-1.0144832466,-0.0731974162
7,4,0,0,0,0,0,0,0,1,0,0,0,0,0,0,0,0,0,1,0,-0.0986720858,-0.9317036366,-0.4992217514,-0.6188567975,0.9835027021,-0.0789461369,-1.2377408133,-0.0731974162
5,4,0,0,1,0,0,0,0,0,0,0,0,0,0,0,0,0,1,0,0,0.6621822005,-0.4024005616,0.5819412969,1.5085801053,0.2085258904,0.1661899158,0.4925053284,-0.0731974162
3,6,0,0,0,0,0,0,0,0,1,0,0,0,1,0,0,0,0,0,0,0.4991419963,0.5391031383,0.699248697,-0.2021423526,1.8445880484,-1.0594903479,-0.7354112883,-0.0731974162
9,9,0,1,0,0,0,0,0,0,0,0,0,0,0,0,0,0,1,0,0,0.7527600917,-0.0401636489,0.3997318644,1.7498358365,-0.4286772658,0.1661899158,-1.5168127716,-0.0731974162
8,6,0,0,0,0,0,0,0,0,1,0,0,0,1,0,0,0,0,0,0,0.4991419963,0.5391031383,0.699248697,-0.2021423526,1.6723709792,-1.0594903479,-1.0144832466,-0.0731974162
4,5,0,0,1,0,0,0,0,0,0,0,0,0,0,0,0,0,1,0,0,0.2636394791,0.0051159652,0.4279501394,0.1268427354,-0.0842431273,0.0436218895,-0.2330817633,-0.0731974162
3,4,0,0,1,0,0,0,0,0,0,0,0,0,0,1,0,0,0,0,0,0.2636394791,0.0051159652,0.4279501394,0.1268427354,0.2774127181,-0.5692182424,-0.0098241966,-0.0731974162
6,4,0,0,1,0,0,0,0,0,0,0,0,0,0,0,1,0,0,0,0,0.3179862139,0.1097274874,0.483983571,0.6970835547,0.0190871143,-0.6305022556,0.9948348534,-0.0731974162
4,5,0,0,0,0,0,0,0,0,1,0,0,0,0,1,0,0,0,0,0,-0.0986720858,-1.111260727,-1.8597457215,-0.6188567975,-0.4803423866,-0.9369223215,-0.5121537216,-0.0731974162
3,5,0,0,0,0,0,0,0,0,0,1,0,0,0,0,1,0,0,0,0,0.8252224047,0.3251959958,0.1244021247,0.3023014491,0.2429693043,-0.2015141633,-0.0098241966,-0.0731974162
4,3,0,0,0,0,0,0,0,0,1,0,0,0,0,1,0,0,0,0,0,-0.0080941945,-0.9488786627,-1.8041154081,-0.2679393702,-0.6353377489,-0.8143542951,2.5018234284,-0.0731974162
2,4,0,0,0,0,0,0,0,0,1,0,0,0,0,0,0,0,0,0,1,0.3361017921,0.1596911995,0.5097831367,-0.0924806566,-0.1875733689,0.7177460345,-1.2377408133,-0.0731974162
7,4,0,0,1,0,0,0,0,0,0,0,0,0,1,0,0,0,0,0,0,-0.1711343987,-0.3258936274,0.6307186007,-0.9259095464,-0.1875733689,1.3918701795,-1.0144832466,-0.0731974162
7,5,0,0,0,0,0,0,0,0,0,1,0,0,1,0,0,0,0,0,0,-1.0406821545,-1.4469544177,-1.987131077,-1.320691652,-2.3402867346,1.5757222191,0.2692477617,-0.0731974162
5,4,0,0,0,0,0,0,0,0,1,0,0,0,0,0,0,0,1,0,0,0.2636394791,0.0051159652,0.4279501394,0.1268427354,-0.394233852,0.1661899158,-1.7400703383,-0.0731974162
2,5,0,0,0,0,0,0,0,0,1,0,0,0,0,0,0,0,1,0,0,0.9701470307,0.2533731597,0.090943313,1.6401741405,0.776842219,-0.6917862687,0.2692477617,-0.0731974162
8,6,0,0,0,0,0,0,0,1,0,0,0,0,0,0,0,1,0,0,0,0.1005992749,-0.9769832507,-1.8145964816,0.7628805724,-0.7386679905,-1.120774361,3.0041529534,-0.0731974162
7,4,0,0,0,0,0,0,0,1,0,0,0,0,0,0,0,0,0,0,1,0.8252224047,0.3251959958,0.1244021247,0.3023014491,0.311856132,0.0436218895,-1.0144832466,-0.0731974162
4,5,0,0,0,0,0,0,0,0,1,0,0,0,0,1,0,0,0,0,0,0.4085641051,0.3501778519,0.6113689265,0.0391133786,0.5185166151,-0.5692182424,-1.2377408133,-0.0731974162
8,6,0,0,0,0,0,0,0,1,0,0,0,0,0,0,0,0,0,1,0,-0.9138731068,-0.3196481634,0.2485625344,-0.5311274407,-0.2564601966,0.3500419554,-0.0098241966,-0.0731974162
7,4,0,0,0,0,0,0,0,1,0,0,0,0,0,0,0,0,0,0,1,0.1368304314,0.4922621582,0.2155068409,0.3461661275,0.2085258904,-0.3240821896,0.7715772867,-0.0731974162
1,2,0,0,0,0,0,0,0,1,0,0,0,0,0,0,1,0,0,0,0,0.0462525402,0.2440049637,0.5585604405,-0.4433980839,-0.2047950758,-0.3240821896,-1.0144832466,-0.0731974162
6,5,0,0,0,0,0,0,0,1,0,0,0,0,0,0,1,0,0,0,0,-0.0805565075,-0.2181593732,0.3074177936,-0.026683639,-0.8075548182,0.5338939949,-1.2377408133,-0.0731974162
1,2,0,0,0,0,0,0,1,0,0,0,0,0,0,0,0,0,0,1,0,-0.0805565075,-0.2181593732,0.3074177936,-0.026683639,0.2429693043,-0.3240821896,0.4925053284,-0.0731974162
4,4,0,0,0,0,0,0,0,1,0,0,0,0,0,1,0,0,0,0,0,-1.6566118148,-1.5890387239,-1.9863248405,-1.3864886696,-2.2541782,0.5951780081,0.9948348534,-0.0731974162
2,4,0,0,0,0,0,0,0,1,0,0,0,0,0,0,0,1,0,0,0,-0.0805565075,-0.1760024912,0.3356360685,-0.5969244583,0.0535305281,-0.0176621237,-0.7354112883,-0.0731974162
4,4,0,0,0,1,0,0,0,0,0,0,0,0,0,0,0,0,1,0,0,-0.0986720858,-0.4367506137,0.7568946015,-0.6188567975,-0.1014648342,0.0436218895,-1.0144832466,-0.0731974162
8,5,0,0,0,0,0,0,0,0,0,1,0,0,1,0,0,0,0,0,0,-0.3341746029,0.5687690923,0.2683153269,-0.0047512998,-0.7731114043,1.3305861663,0.7715772867,-0.0731974162
1,4,0,0,0,0,0,0,0,0,1,0,0,0,0,0,0,1,0,0,0,0.3179862139,0.2065321796,0.5351795841,-0.1144129958,0.8629507536,-0.7530702819,1.4971643784,-0.0731974162
6,5,0,0,0,0,0,0,0,0,1,0,0,0,0,0,0,1,0,0,0,-1.0406821545,-1.2189949812,0.4686650789,-1.320691652,0.0363088212,-0.7530702819,-0.0098241966,-0.0731974162
2,2,0,0,0,0,0,0,0,0,1,0,0,0,1,0,0,0,0,0,0,-0.6964861678,-1.4875499337,-2.0141399973,-1.1233005992,-1.1175455429,0.5338939949,-1.0144832466,-0.0731974162
7,4,0,0,0,0,0,0,0,0,0,1,0,0,1,0,0,0,0,0,0,0.1911771662,-0.9738605187,0.597259789,0.4558278235,-0.3597904381,0.0436218895,0.2692477617,-0.0731974162
6,5,0,0,0,0,0,0,0,0,1,0,0,0,0,0,0,0,0,1,0,0.5897198875,0.387650636,0.1562484636,1.3331213917,0.3290778389,-0.6305022556,0.4925053284,-0.0731974162
3,4,0,0,0,0,0,0,0,1,0,0,0,0,0,0,0,1,0,0,0,0.0643681184,0.2908459438,0.5831506515,-0.4433980839,-0.2220167827,0.1049059026,-0.5121537216,-0.0731974162
4,4,0,0,0,0,0,0,0,0,1,0,0,0,0,0,0,0,0,0,1,-0.2435967117,-0.9301422706,-1.7968592803,0.1268427354,-1.2725409052,-0.3240821896,0.9948348534,-0.0731974162
4,4,0,0,1,0,0,0,0,0,0,0,0,0,0,0,0,0,0,1,0,0.0462525402,0.2440049637,0.5585604405,-0.4433980839,0.3635212528,-0.1402301501,-1.0144832466,-0.0731974162
4,4,0,0,1,0,0,0,0,0,0,0,0,0,0,0,0,0,0,1,0,0.028136962,-1.0769106749,-1.8484584116,-0.246007031,-0.9625501805,-0.1402301501,-1.7400703383,-0.0731974162
6,5,0,0,0,0,0,0,0,0,1,0,0,0,0,0,0,0,0,1,0,0.0100213837,-1.0441219889,-1.8363648652,-0.7723831719,-1.2725409052,0.9628820872,-0.0098241966,-0.0731974162
6,5,0,0,0,0,0,0,0,1,0,0,0,0,0,0,0,0,1,0,0,0.1005992749,-0.9769832507,-1.8145964816,0.7628805724,-1.2380974914,-0.6917862687,-0.0098241966,-0.0731974162
4,4,0,0,0,0,0,0,0,0,1,0,0,0,0,0,0,0,0,1,0,0.8252224047,0.3251959958,0.1244021247,0.3023014491,0.9146158744,-0.9982063347,-0.7354112883,-0.0731974162
3,4,0,0,0,0,0,0,0,1,0,0,0,0,1,0,0,0,0,0,0,0.7527600917,-0.0401636489,0.3997318644,1.7498358365,0.9835027021,-1.3659104138,0.2692477617,-0.0731974162
7,4,0,0,0,0,0,0,0,0,1,0,0,0,0,0,0,0,0,0,1,0.4085641051,0.3501778519,0.6113689265,0.0391133786,0.9318375813,-1.1820583742,-0.0098241966,-0.0731974162
8,6,0,0,0,0,0,0,1,0,0,0,0,0,0,1,0,0,0,0,0,0.7527600917,-0.0401636489,0.3997318644,1.7498358365,0.9835027021,-1.3659104138,0.2692477617,-0.0731974162
4,5,0,0,1,0,0,0,0,0,0,0,0,0,0,0,0,0,1,0,0,0.5897198875,0.387650636,0.1562484636,1.3331213917,0.7940639259,-0.5079342292,0.7715772867,-0.0731974162
3,5,0,0,0,0,0,0,0,0,1,0,0,0,0,0,0,0,1,0,0,-1.6566118148,-1.5890387239,-1.9863248405,-1.3864886696,-2.2541782,0.5951780081,0.9948348534,-0.0731974162
3,6,0,0,0,0,0,0,0,0,1,0,0,0,0,0,0,0,0,0,1,0.4085641051,0.407948394,0.638780965,0.0391133786,0.4496297874,-1.7948985061,-1.7400703383,-0.0731974162
5,4,0,0,0,0,0,0,0,1,0,0,0,0,0,1,0,0,0,0,0,0.0643681184,0.2908459438,0.5831506515,-0.4433980839,-0.859219939,0.901598074,1.2739068117,-0.0731974162
4,3,0,0,0,0,0,0,0,0,1,0,0,0,0,0,0,0,1,0,0,-4.9174158988,-0.6256759,0.4730993793,-1.8032031145,0.6390685636,-0.3853662028,-0.2330817633,-0.0731974162
5,5,0,0,0,0,0,0,0,1,0,0,0,0,0,0,0,0,0,0,1,0.0643681184,0.2908459438,0.5831506515,-0.4433980839,0.4668514943,-0.6917862687,-1.0144832466,-0.0731974162
8,6,0,0,1,0,0,0,0,0,0,0,0,0,0,0,0,0,1,0,0,-0.0986720858,-1.1440494131,-1.8714361497,-0.3995334055,-1.1175455429,0.5951780081,-0.2330817633,-0.0731974162
3,4,0,0,1,0,0,0,0,0,0,0,0,0,0,0,0,0,0,1,0,-1.2218379369,-1.5952841879,-2.0794451478,-1.5180827049,-1.7375269922,1.4531541927,-1.0144832466,-0.0731974162
6,5,0,0,1,0,0,0,0,0,0,0,0,0,0,0,0,0,0,1,0,0.1368304314,-1.139365315,0.5073644274,-0.8381801895,0.2257475974,-0.446650216,-0.7354112883,-0.0731974162
2,2,0,0,0,0,0,0,0,1,0,0,0,0,0,1,0,0,0,0,0,-0.0080941945,-0.9488786627,-1.8041154081,-0.2679393702,-0.6525594559,1.20801814,-0.0098241966,-0.0731974162
4,5,0,0,0,0,0,0,0,1,0,0,0,0,0,0,0,1,0,0,0,0.4085641051,0.407948394,0.638780965,0.0391133786,0.552960029,-0.6305022556,-1.2377408133,-0.0731974162
4,5,0,0,0,0,0,0,0,0,1,0,0,0,1,0,0,0,0,0,0,0.5172575746,0.4454211781,0.1864823296,2.4736030303,0.6907336844,-0.8143542951,1.7762363367,-0.0731974162
3,4,0,0,0,0,0,0,0,0,1,0,0,0,0,0,0,0,1,0,0,0.0643681184,0.2908459438,0.5831506515,-0.4433980839,0.311856132,-0.446650216,-1.0144832466,-0.0731974162
5,4,0,0,0,1,0,0,0,0,0,0,0,0,0,0,0,0,0,0,1,0.3179862139,0.1097274874,0.483983571,0.6970835547,0.1224173558,-0.6917862687,1.2739068117,-0.0731974162
4,6,0,0,0,0,0,0,0,0,1,0,0,0,0,0,0,1,0,0,0,0.553488731,-0.4679779337,0.5533199037,1.9472268894,0.7423988051,-1.120774361,0.4925053284,-0.0731974162
4,3,0,0,0,0,0,0,0,1,0,0,0,0,0,0,0,1,0,0,0,-0.0080941945,-1.0488060869,0.5601729134,-0.5091951015,-0.0842431273,-1.1820583742,-0.5121537216,-0.0731974162
2,5,0,0,0,0,0,0,0,0,1,0,0,0,0,1,0,0,0,0,0,0.5172575746,0.4454211781,0.1864823296,2.4736030303,-2.3747301485,3.1691065619,0.9948348534,-0.0731974162
4,5,0,0,0,0,0,0,0,0,1,0,0,0,0,0,0,0,0,1,0,0.6621822005,-0.4024005616,0.5819412969,1.5085801053,0.2085258904,0.1661899158,0.4925053284,-0.0731974162
4,5,0,0,0,0,0,0,0,0,1,0,0,0,0,0,0,0,1,0,0,-0.5515615419,-0.9160899766,-1.7904093888,-0.882044868,-1.3586494398,0.1049059026,0.9948348534,-0.0731974162
4,4,0,0,0,0,0,0,0,0,1,0,0,0,1,0,0,0,0,0,0,0.1911771662,-1.1721540011,-1.8831265779,-0.2679393702,-0.3253470243,-1.0594903479,0.4925053284,-0.0731974162
6,3,0,0,0,0,0,0,0,0,1,0,0,0,0,0,0,0,0,0,1,0.1911771662,-1.1721540011,-1.8831265779,-0.2679393702,-0.3253470243,-1.0594903479,0.4925053284,-0.0731974162
7,4,0,0,0,0,0,0,0,1,0,0,0,0,1,0,0,0,0,0,0,0.3179862139,0.2065321796,0.5351795841,-0.1144129958,-0.3425687312,0.9628820872,-1.5168127716,-0.0731974162
7,3,0,0,0,0,0,0,0,0,0,1,0,0,0,0,0,0,0,1,0,-0.3704057594,-0.2977890394,0.6528901024,-0.4214657447,-1.1175455429,1.7595742586,1.2739068117,-0.0731974162
7,5,0,0,0,0,0,0,0,0,1,0,0,0,0,0,0,0,0,1,0,0.4085641051,0.3501778519,0.6113689265,0.0391133786,0.087973942,-1.5497624533,-1.5168127716,-0.0731974162
8,6,0,0,0,0,0,0,0,0,1,0,0,0,0,0,0,0,0,1,0,-0.0986720858,-1.111260727,-1.8597457215,-0.6188567975,-0.6353377489,-1.0594903479,-0.5121537216,-0.0731974162
4,3,0,0,0,0,0,0,0,0,1,0,0,0,0,1,0,0,0,0,0,-0.0805565075,-0.1760024912,0.3356360685,-0.5969244583,-0.4631206797,0.901598074,-0.5121537216,-0.0731974162
4,4,0,0,0,0,0,0,0,0,1,0,0,0,0,0,0,0,0,0,1,0.4810264181,0.4735257661,0.669014831,1.0699333212,-0.0497997135,0.2887579422,-0.2330817633,-0.0731974162
8,5,0,0,0,0,0,0,0,0,1,0,0,0,0,0,0,0,0,0,1,-0.5515615419,-0.9160899766,-1.7904093888,-0.882044868,-1.3586494398,0.1049059026,0.9948348534,-0.0731974162
1,2,0,0,0,0,0,0,0,1,0,0,0,0,0,0,0,0,0,0,1,-0.4247524942,0.6156100724,-0.9595827511,-0.4872627623,-0.9453284736,2.1272783377,-0.2330817633,-0.0731974162
3,4,0,0,0,0,0,0,0,0,1,0,0,0,0,1,0,0,0,0,0,-0.0986720858,-0.4367506137,0.7568946015,-0.6188567975,-0.6008943351,0.7790300477,0.2692477617,-0.0731974162
3,4,0,0,0,0,0,0,1,0,0,0,0,0,1,0,0,0,0,0,0,0.5172575746,0.5999964124,0.7282732083,-0.2021423526,0.6907336844,-0.3240821896,0.4925053284,-0.0731974162
7,4,0,0,0,0,0,0,0,0,0,1,0,0,0,1,0,0,0,0,0,0.1911771662,-0.9738605187,0.597259789,0.4558278235,-0.4803423866,-0.0176621237,-0.0098241966,-0.0731974162
4,3,0,0,0,0,1,0,0,0,0,0,0,0,0,0,0,0,1,0,0,0.2817550574,-0.4539256397,-0.2706537244,0.6312865371,0.2085258904,-0.6305022556,0.2692477617,-0.0731974162
2,3,0,0,0,0,0,0,0,0,1,0,0,0,1,0,0,0,0,0,0,0.5172575746,0.5999964124,0.7282732083,-0.2021423526,1.6207058584,-1.120774361,-0.5121537216,-0.0731974162
1,4,0,0,0,0,0,0,0,0,1,0,0,0,1,0,0,0,0,0,0,0.2817550574,-0.4539256397,-0.2706537244,0.6312865371,-0.4286772658,-0.0789461369,-0.0098241966,-0.0731974162
4,5,0,0,1,0,0,0,0,0,0,0,0,0,0,0,0,1,0,0,0,0.4085641051,0.3501778519,0.6113689265,0.0391133786,1.2934934268,-1.427194427,0.2692477617,-0.0731974162
8,6,0,0,0,0,0,0,0,1,0,0,0,0,0,0,0,0,0,0,1,0.5172575746,0.5999964124,0.7282732083,-0.2021423526,1.5345973237,-1.0594903479,-0.5121537216,-0.0731974162
2,2,0,0,0,0,0,0,0,0,1,0,0,0,0,0,0,0,0,1,0,0.0643681184,0.2908459438,0.5831506515,-0.4433980839,-0.0325780065,-0.0789461369,-0.7354112883,-0.0731974162
6,3,0,0,0,0,0,0,0,0,1,0,0,0,0,1,0,0,0,0,0,-1.1312600457,-0.585080384,0.4997051814,-1.2768269736,0.9318375813,-0.5079342292,-0.5121537216,-0.0731974162
6,5,0,0,0,0,0,0,0,1,0,0,0,0,0,0,0,0,1,0,0,0.3361017921,0.1596911995,0.5097831367,-0.0924806566,-0.2047950758,-1.1820583742,-0.5121537216,-0.0731974162
7,4,0,0,0,0,0,0,1,0,0,0,0,0,0,0,0,0,0,0,1,0.1368304314,0.4922621582,0.2155068409,0.3461661275,0.1224173558,-0.2015141633,0.9948348534,-0.0731974162
6,4,0,0,0,0,0,0,0,0,1,0,0,0,0,1,0,0,0,0,0,0.3361017921,0.1596911995,0.5097831367,-0.0924806566,-0.1186865412,0.1049059026,-1.2377408133,-0.0731974162
2,5,0,0,0,0,0,0,0,0,1,0,0,0,0,0,1,0,0,0,0,0.0643681184,0.2908459438,0.5831506515,-0.4433980839,-0.0153562996,-0.2627981765,-1.0144832466,-0.0731974162
4,4,0,0,0,0,0,0,0,0,0,1,0,0,0,0,0,0,0,1,0,0.3361017921,0.1596911995,0.5097831367,-0.0924806566,1.0696112367,-1.0594903479,-0.0098241966,-0.0731974162
6,5,0,0,0,0,0,0,0,0,1,0,0,0,0,0,0,0,1,0,0,-1.5841495018,-1.6842820501,-2.1769997555,-1.211029956,-0.9453284736,1.882142285,-1.2377408133,-0.0731974162
4,4,0,0,0,0,0,0,0,1,0,0,0,0,0,0,0,0,0,1,0,-0.4790992289,-1.4625680777,-2.0334896715,-1.1452329384,-0.6353377489,0.4113259686,-0.7354112883,-0.0731974162
2,2,0,0,0,0,0,0,0,1,0,0,0,0,0,0,1,0,0,0,0,-1.3848781411,-1.3673247515,-1.8649862583,-1.4742180265,-0.377012145,-1.4884784401,-0.5121537216,-0.0731974162
3,4,0,0,0,0,0,0,0,0,1,0,0,0,0,0,1,0,0,0,0,0.6440666223,0.1784275915,0.1691482464,0.8506099292,-0.6008943351,1.3305861663,-0.0098241966,-0.0731974162
1,2,0,0,0,0,0,0,0,1,0,0,0,0,0,0,0,0,1,0,0,0.2092927444,1.0028288412,0.6158032268,1.048000982,0.5185166151,1.7595742586,1.9994939034,3.3056475979
4,5,0,0,0,0,0,0,0,0,1,0,0,0,0,0,0,1,0,0,0,0.2092927444,1.0028288412,0.6158032268,1.048000982,0.6046251497,0.5951780081,1.9994939034,-0.0731974162
2,2,0,0,0,0,0,0,0,1,0,0,0,0,0,0,0,1,0,0,0,0.2092927444,1.0028288412,0.6158032268,1.048000982,1.3623802545,-0.3853662028,1.2739068117,-0.0731974162
3,4,0,0,0,0,0,0,0,0,1,0,0,0,0,0,0,0,1,0,0,0.2092927444,1.0028288412,0.6158032268,1.048000982,1.1729414783,-0.3240821896,0.7715772867,-0.0731974162
1,2,0,0,0,0,0,0,0,1,0,0,0,0,0,1,0,0,0,0,0,0.2817550574,-0.3009117714,-0.1787427718,0.1268427354,0.311856132,1.5757222191,-1.0144832466,-0.0731974162
6,4,0,0,0,0,0,0,0,0,1,0,0,0,0,1,0,0,0,0,0,0.4447952616,0.7249056926,0.4787430343,0.9822039644,1.6895926861,-0.9982063347,-0.7354112883,-0.0731974162
7,4,0,0,0,0,0,0,0,0,1,0,0,0,0,0,0,0,1,0,0,0.4447952616,0.7249056926,0.4787430343,0.9822039644,0.4840732013,-0.2627981765,-2.0191422966,-0.0731974162
2,5,0,0,0,0,0,0,1,0,0,0,0,0,0,0,0,0,0,1,0,0.4447952616,0.7249056926,0.4787430343,0.9822039644,1.3623802545,-1.1820583742,-0.5121537216,-0.0731974162
3,4,0,0,1,0,0,0,0,0,0,0,0,0,0,0,0,0,1,0,0,0.4447952616,0.7249056926,0.4787430343,0.9822039644,0.8801724606,-0.5079342292,-0.5121537216,-0.0731974162
2,2,0,0,0,0,0,0,0,1,0,0,0,0,0,0,0,1,0,0,0,0.4447952616,0.7249056926,0.4787430343,0.9822039644,0.552960029,-0.446650216,-0.2330817633,-0.0731974162
1,2,0,0,0,0,0,0,0,0,1,0,0,0,0,1,0,0,0,0,0,0.2274083226,-0.0261113549,0.0707874023,-0.2240746918,0.4324080805,-0.3853662028,-0.7354112883,-0.0731974162
3,4,0,0,0,0,0,0,0,0,1,0,0,0,1,0,0,0,0,0,0,0.1730615879,0.42512342,0.2973398382,-0.5969244583,0.0018654073,-0.2015141633,-0.5121537216,-0.0731974162
8,6,0,0,0,0,0,0,0,1,0,0,0,0,0,0,0,0,0,1,0,-0.5696771201,-0.5288712078,0.5920192522,-0.882044868,0.5874034428,0.1049059026,-0.0098241966,-0.0731974162
2,5,0,0,0,0,0,0,0,1,0,0,0,0,0,0,0,0,0,1,0,0.6440666223,0.0987979254,0.1336738436,0.4338954843,0.8629507536,-0.2015141633,-1.0144832466,-0.0731974162
8,6,0,0,0,0,0,0,0,1,0,0,0,0,0,0,0,0,0,1,0,0.6440666223,0.0987979254,0.1336738436,0.4338954843,0.4324080805,-0.0176621237,-0.7354112883,-0.0731974162
7,4,0,0,0,0,0,0,0,0,1,0,0,0,0,0,0,0,1,0,0,0.2092927444,0.937251469,0.5819412969,1.0260686428,0.2946344251,0.901598074,-1.7400703383,-0.0731974162
7,4,0,0,0,0,0,0,0,0,1,0,0,0,0,0,0,0,1,0,0,0.2092927444,0.937251469,0.5819412969,1.0260686428,0.8285073398,-0.2627981765,-1.2377408133,-0.0731974162
1,4,0,0,0,0,0,0,0,0,1,0,0,0,0,0,0,0,0,0,1,0.5353731528,-0.2025457132,-0.0239453778,1.1795950172,1.6207058584,-0.7530702819,-0.0098241966,-0.0731974162
8,6,0,0,0,0,0,0,0,0,0,1,0,0,1,0,0,0,0,0,0,0.1730615879,0.0238523572,0.1010212683,-0.026683639,-1.324206026,2.4336984036,1.9994939034,-0.0731974162
5,4,0,0,0,0,0,0,0,0,1,0,0,0,1,0,0,0,0,0,0,0.1730615879,0.0238523572,0.1010212683,-0.026683639,0.4324080805,-0.1402301501,-0.5121537216,-0.0731974162
6,5,0,0,0,0,0,1,0,0,0,0,0,0,1,0,0,0,0,0,0,0.0824836967,0.4719644001,0.327170586,-0.4214657447,0.070752235,-0.3240821896,-0.2330817633,-0.0731974162
4,4,0,0,0,0,0,0,0,1,0,0,0,0,0,1,0,0,0,0,0,0.6621822005,0.8857263909,0.550094958,0.8725422684,0.5012949082,0.5338939949,-0.5121537216,-0.0731974162
6,5,0,0,0,0,0,0,0,1,0,0,0,0,0,0,0,0,0,0,1,0.553488731,-0.1354069751,0.0095134339,1.2234596956,0.552960029,0.5951780081,1.9994939034,-0.0731974162
4,4,0,0,0,0,0,0,0,0,1,0,0,0,0,0,0,1,0,0,0,0.6621822005,0.3251959958,0.2384845791,2.9999791712,0.087973942,0.6564620213,-0.0098241966,-0.0731974162
3,6,0,0,0,0,0,1,0,0,0,0,0,0,0,0,0,0,1,0,0,0.2636394791,0.6515214905,0.4444779861,1.157662678,0.8285073398,-1.2433423874,-0.5121537216,-0.0731974162
3,6,0,0,0,0,0,1,0,0,0,0,0,0,0,0,0,0,1,0,0,0.2636394791,0.6515214905,0.4444779861,1.157662678,0.3635212528,-0.7530702819,-0.5121537216,-0.0731974162
2,5,0,0,0,0,0,0,0,1,0,0,0,0,0,0,0,0,0,0,1,0.2636394791,0.6515214905,0.4444779861,1.157662678,0.0363088212,0.5338939949,-0.7354112883,-0.0731974162
7,5,0,0,0,0,0,0,0,0,1,0,0,0,0,0,0,0,0,1,0,0.2636394791,0.6515214905,0.4444779861,1.157662678,0.5012949082,0.7177460345,-0.5121537216,-0.0731974162
6,3,0,0,0,0,0,0,0,1,0,0,0,0,0,0,0,0,1,0,0,0.2636394791,0.6515214905,0.4444779861,1.157662678,0.2085258904,0.8403140609,0.2692477617,-0.0731974162
5,4,0,0,0,0,0,0,1,0,0,0,0,0,0,0,1,0,0,0,0,0.2636394791,0.6515214905,0.4444779861,1.157662678,0.2257475974,0.1661899158,-0.0098241966,-0.0731974162
7,4,0,0,0,0,0,0,0,0,1,0,0,0,1,0,0,0,0,0,0,-1.1312600457,-1.3064314774,-0.78382321,-0.4872627623,-2.4263952693,0.7790300477,2.5018234284,-0.0731974162
2,5,0,0,0,0,0,0,0,0,1,0,0,0,1,0,0,0,0,0,0,-1.2037223587,-1.2970632814,-0.7793889097,-0.8162478503,-2.3747301485,1.0241661004,2.2227514701,-0.0731974162
7,4,0,0,0,0,0,0,0,1,0,0,0,0,0,0,0,0,0,0,1,-1.0950288892,-1.3189224054,-0.7898699832,-1.5400150441,-2.3747301485,1.0241661004,0.4925053284,-0.0731974162
4,5,0,0,0,0,0,0,0,0,1,0,0,0,0,0,1,0,0,0,0,-0.9501042632,-1.3345360654,-0.7991417021,-1.4084210088,-2.4608386831,-1.427194427,2.5018234284,-0.0731974162
7,4,0,0,0,0,0,0,0,0,1,0,0,0,0,0,0,1,0,0,0,-0.9501042632,-1.3345360654,-0.7991417021,-1.4084210088,-2.4608386831,-1.427194427,2.5018234284,-0.0731974162
7,4,0,0,0,0,0,0,0,0,1,0,0,0,1,0,0,0,0,0,0,-0.9501042632,-1.3345360654,-0.7991417021,-1.4084210088,-2.4608386831,-1.427194427,2.5018234284,-0.0731974162
6,5,0,0,0,0,0,0,0,1,0,0,0,0,0,1,0,0,0,0,0,-0.9501042632,-1.3345360654,-0.7991417021,-1.4084210088,-2.4608386831,-1.427194427,2.5018234284,-0.0731974162
4,4,0,0,0,0,0,0,0,1,0,0,0,0,0,1,0,0,0,0,0,-1.076913311,-1.3142383074,-0.787451274,-1.0794359208,-2.8741596493,0.901598074,0.4925053284,-0.0731974162
1,2,0,0,0,0,0,0,0,1,0,0,0,0,0,0,0,0,0,0,1,-0.9501042632,-1.3345360654,-0.7991417021,-1.4084210088,-2.3747301485,-1.2433423874,2.5018234284,-0.0731974162
7,4,0,0,0,0,0,0,0,1,0,0,0,0,0,0,0,0,0,1,0,-1.0406821545,-1.3017473794,-0.78382321,-1.2329622952,-2.5297255108,0.4113259686,-0.0098241966,-0.0731974162
2,2,0,0,0,0,0,0,0,0,1,0,0,0,0,0,0,0,1,0,0,-0.6783705896,-1.628072874,-2.1334629884,-1.2768269736,-1.7375269922,-0.5692182424,-0.5121537216,-0.0731974162
6,5,0,0,0,0,0,0,0,0,1,0,0,0,0,0,0,0,1,0,0,-0.9863354197,-1.6546160961,-2.1451534166,-0.5969244583,-1.9614091822,0.1049059026,2.2227514701,-0.0731974162
3,4,0,0,0,0,0,0,0,1,0,0,0,0,0,0,0,1,0,0,0,0.5897198875,0.918515077,-0.5488052916,0.7190158939,0.776842219,-0.2627981765,1.2739068117,-0.0731974162
8,6,0,0,0,0,0,0,0,1,0,0,0,0,0,0,0,0,0,0,1,0.1005992749,1.1277381214,-0.4443976744,0.7628805724,-1.083102129,2.8014024828,1.9994939034,0.6025715867
8,6,0,0,0,0,0,1,0,0,0,0,0,0,0,0,1,0,0,0,0,0.1730615879,-0.104179655,-0.294437699,-0.0047512998,0.552960029,0.2887579422,-0.7354112883,-0.0731974162
4,4,0,0,0,0,0,0,0,0,1,0,0,0,0,0,0,0,0,1,0,0.1730615879,-0.104179655,-0.294437699,-0.0047512998,0.9146158744,-0.7530702819,-1.2377408133,-0.0731974162
6,5,0,0,0,0,0,0,0,0,1,0,0,0,0,0,0,0,0,1,0,0.1730615879,-0.104179655,-0.294437699,-0.0047512998,0.9318375813,-0.8756383083,-1.2377408133,-0.0731974162
6,3,0,0,0,0,0,0,0,0,1,0,0,0,0,0,0,0,1,0,0,0.1730615879,-0.104179655,-0.294437699,-0.0047512998,-0.0325780065,0.5338939949,-1.2377408133,-0.0731974162
4,4,0,0,0,0,0,0,0,0,1,0,0,0,0,0,1,0,0,0,0,0.1730615879,-0.104179655,-0.294437699,-0.0047512998,1.1040546506,-0.3240821896,-1.7400703383,-0.0731974162
3,4,0,0,0,0,0,0,0,1,0,0,0,0,0,0,0,0,0,0,1,0.1730615879,-0.1666342951,-0.3291058653,-0.5969244583,0.6907336844,-0.2627981765,-1.5168127716,-0.0731974162
3,4,0,0,0,0,0,0,0,1,0,0,0,0,0,0,0,0,0,0,1,0.4447952616,1.0855812393,-0.4722128311,0.4338954843,1.3796019614,-0.9982063347,0.7715772867,-0.0731974162
7,4,0,0,0,0,0,0,0,0,1,0,0,0,0,0,0,0,1,0,0,0.2998706356,-0.3446300195,-0.4314978915,-0.1144129958,-0.3081253173,1.3918701795,-0.2330817633,-0.0731974162
3,4,0,0,0,0,0,0,0,0,1,0,0,0,0,0,0,0,1,0,0,0.4447952616,1.0855812393,-0.4722128311,0.4338954843,0.5701817359,0.227473929,-1.5168127716,-0.0731974162
4,3,0,0,0,0,0,0,0,0,1,0,0,0,0,0,0,0,1,0,0,-0.044325351,-0.3337004575,-1.0365783298,-0.5749921191,-0.7903331113,0.1049059026,-1.2377408133,-0.0731974162
1,4,0,0,0,0,0,0,0,1,0,0,0,0,0,0,1,0,0,0,0,-0.044325351,-0.3337004575,-1.0365783298,-0.5749921191,-0.6008943351,0.0436218895,-1.0144832466,-0.0731974162
8,6,0,0,0,0,0,0,0,1,0,0,0,0,0,0,0,0,0,1,0,0.1005992749,0.5765759223,-0.6882841935,0.8067452508,0.1224173558,-0.0789461369,0.4925053284,-0.0731974162
7,4,0,0,0,0,0,0,0,1,0,0,0,0,0,0,0,0,0,0,1,-6.7470893014,-0.622553168,-1.2663557115,-1.8909324713,-1.4275362675,2.8014024828,-0.7354112883,-0.0731974162
2,4,0,0,0,0,0,0,0,1,0,0,0,0,0,1,0,0,0,0,0,-0.044325351,-0.2743685493,-1.0071507002,-0.3337363878,0.311856132,-1.1820583742,0.4925053284,-0.0731974162
5,4,0,0,0,0,0,0,0,0,1,0,0,0,0,0,0,0,1,0,0,-0.044325351,-0.2743685493,-1.0071507002,-0.3337363878,0.0363088212,-0.3240821896,0.7715772867,-0.0731974162
7,4,0,0,0,0,0,0,0,0,1,0,0,0,0,0,0,0,1,0,0,0.0824836967,-0.2618776213,-1.2732087211,-0.4214657447,0.0535305281,-0.3853662028,0.2692477617,-0.0731974162
8,6,0,0,0,0,0,0,0,0,0,1,0,0,0,0,1,0,0,0,0,0.0824836967,-0.2618776213,-1.2732087211,-0.4214657447,0.0535305281,-0.3853662028,0.2692477617,-0.0731974162
1,2,0,0,0,0,0,0,0,1,0,0,0,0,0,0,0,1,0,0,0,-1.004450998,-1.2939405493,-1.7500975675,-1.211029956,-1.3069843191,3.0465385355,0.4925053284,-0.0731974162
2,5,0,0,0,0,0,0,0,1,0,0,0,0,0,1,0,0,0,0,0,-0.189249977,-0.4180142216,0.6706273038,-0.7285184935,0.0190871143,0.4726099818,-1.0144832466,-0.0731974162
1,4,0,0,0,0,0,0,0,1,0,0,0,0,0,0,0,0,0,1,0,-0.189249977,-0.4180142216,0.6706273038,-0.7285184935,-0.3081253173,0.5338939949,0.7715772867,-0.0731974162
6,4,0,0,0,0,0,0,0,1,0,0,0,0,0,0,0,1,0,0,0,-0.189249977,-0.4180142216,0.6706273038,-0.7285184935,0.8457290467,-0.5692182424,-0.2330817633,-0.0731974162
5,4,0,0,0,0,0,0,0,1,0,0,0,0,0,0,0,1,0,0,0,0.3179862139,-0.079197799,0.8471930813,0.192639753,-0.4975640935,0.0436218895,-1.2377408133,-0.0731974162
4,5,0,0,0,0,0,0,0,0,1,0,0,0,0,0,0,0,0,1,0,0.3179862139,-0.079197799,0.8471930813,0.192639753,1.0351678229,-1.0594903479,-1.0144832466,-0.0731974162
2,4,0,0,0,0,0,0,0,0,1,0,0,0,1,0,0,0,0,0,0,0.3179862139,-0.079197799,0.8471930813,0.192639753,1.1040546506,-1.0594903479,-0.7354112883,-0.0731974162
4,3,0,0,0,0,0,0,0,1,0,0,0,0,0,0,1,0,0,0,0,0.3179862139,-0.079197799,0.8471930813,0.192639753,1.017946116,-0.9982063347,-1.2377408133,-0.0731974162
4,3,0,0,0,0,0,0,0,1,0,0,0,0,0,0,1,0,0,0,0,-7.2905566488,-1.0097719368,0.6395872014,-1.8909324713,-1.1519889567,2.0659943245,1.2739068117,-0.0731974162
4,3,0,0,0,0,0,0,0,0,1,0,0,0,0,0,0,0,0,0,1,0.3542173704,0.0706933373,0.9237855418,-0.0486159782,0.9318375813,-1.0594903479,0.4925053284,-0.0731974162
2,2,0,0,0,0,0,0,0,1,0,0,0,0,0,0,0,1,0,0,0,0.3542173704,0.0706933373,0.9237855418,-0.0486159782,0.1396390627,-0.2015141633,-1.2377408133,-0.0731974162
8,6,0,0,0,0,0,0,0,1,0,0,0,0,0,0,0,1,0,0,0,0.1005992749,0.3720369759,1.0866453,-0.3995334055,-0.0670214204,-0.8756383083,-0.7354112883,-0.0731974162
2,4,0,0,0,0,0,0,0,1,0,0,0,0,0,0,1,0,0,0,0,0.3179862139,-0.2290889353,0.7718099754,-0.0924806566,-0.0497997135,-1.2433423874,0.9948348534,-0.0731974162
9,6,0,0,0,0,0,0,0,1,0,0,0,0,0,0,0,1,0,0,0,0.3179862139,-0.2290889353,0.7718099754,-0.0924806566,0.0535305281,-1.2433423874,0.4925053284,-0.0731974162
3,4,0,0,0,0,0,0,0,0,0,1,0,0,0,0,0,0,0,0,1,0.3904485268,0.1269025134,0.9495851075,-0.3337363878,0.4668514943,-1.0594903479,-1.0144832466,-0.0731974162
6,3,0,0,0,0,0,0,0,0,1,0,0,0,0,0,0,0,1,0,0,0.3904485268,0.1269025134,0.9495851075,-0.3337363878,0.4668514943,-0.9982063347,1.2739068117,-0.0731974162
6,3,0,0,0,0,0,0,0,0,1,0,0,0,1,0,0,0,0,0,0,0.3904485268,0.1269025134,0.9495851075,-0.3337363878,0.0018654073,-0.6305022556,1.7762363367,-0.0731974162
7,4,0,0,0,0,0,0,0,0,1,0,0,0,0,0,0,0,1,0,0,0.3904485268,0.1269025134,0.9495851075,-0.3337363878,-0.3597904381,-0.9982063347,-0.0098241966,-0.0731974162
3,4,0,0,0,0,0,0,0,0,1,0,0,0,0,0,0,0,0,0,1,0.3904485268,0.1269025134,0.9495851075,-0.3337363878,-0.3597904381,-0.9982063347,-0.0098241966,-0.0731974162
4,4,0,0,0,0,0,0,0,1,0,0,0,0,0,0,1,0,0,0,0,0.0100213837,0.406387028,1.1080105653,-0.4872627623,-1.0314370082,-0.3240821896,-0.7354112883,-0.0731974162
3,4,0,0,0,0,0,0,0,1,0,0,0,0,0,0,0,0,0,1,0,-0.4609836506,-0.8989149506,0.7214201987,-0.7943155111,-0.8936633528,0.7177460345,-1.2377408133,-0.0731974162
6,5,0,0,0,0,0,1,0,0,0,0,0,0,1,0,0,0,0,0,0,0.2817550574,-0.1338456091,0.8205872792,-0.136345335,0.9146158744,-1.0594903479,-0.5121537216,-0.0731974162
7,5,0,0,0,0,0,0,0,0,1,0,0,0,0,1,0,0,0,0,0,0.2817550574,-0.1338456091,0.8205872792,-0.136345335,0.8973941675,-1.0594903479,-0.5121537216,-0.0731974162
8,6,0,0,0,0,0,0,0,1,0,0,0,0,0,0,0,1,0,0,0,0.2817550574,-0.1338456091,0.8205872792,-0.136345335,0.3979646666,-0.7530702819,-1.0144832466,-0.0731974162
8,6,0,0,0,0,0,0,0,0,1,0,0,0,0,0,0,0,1,0,0,0.2817550574,-0.1338456091,0.8205872792,-0.136345335,0.1396390627,-0.5692182424,-1.2377408133,-0.0731974162
4,4,0,0,0,0,0,0,0,1,0,0,0,0,0,1,0,0,0,0,0,0.2817550574,-0.1338456091,0.8205872792,-0.136345335,0.7940639259,-1.0594903479,-0.0098241966,-0.0731974162
2,4,0,0,0,0,0,0,0,1,0,0,0,0,0,0,1,0,0,0,0,0.2817550574,-0.1338456091,0.8205872792,-0.136345335,0.9146158744,-1.0594903479,-0.5121537216,-0.0731974162
4,4,0,0,0,0,0,0,0,0,1,0,0,0,0,0,0,1,0,0,0,0.1005992749,0.2112162776,0.9971530567,-0.1144129958,0.4496297874,-0.9982063347,0.2692477617,-0.0731974162
8,6,0,0,0,0,0,0,0,1,0,0,0,0,0,0,0,0,0,0,1,0.1005992749,0.2112162776,0.9971530567,-0.1144129958,-0.3081253173,-0.2015141633,-1.0144832466,-0.0731974162
2,2,0,0,0,0,0,0,0,1,0,0,0,0,0,0,0,0,0,0,1,0.2636394791,-0.3618050455,0.6980393423,0.1049103962,-0.1359082481,0.5951780081,-0.5121537216,-0.0731974162
8,6,0,0,0,0,0,0,0,1,0,0,0,0,0,0,0,0,1,0,0,0.1730615879,-0.0386022829,0.8709770559,-0.6188567975,-0.153129955,0.4113259686,0.7715772867,-0.0731974162
4,4,0,0,0,0,0,0,0,0,1,0,0,0,0,0,0,0,1,0,0,0.1730615879,-0.0386022829,0.8709770559,-0.6188567975,-1.5653099229,2.55626643,-1.2377408133,-0.0731974162
4,4,0,0,0,0,0,0,0,0,1,0,0,0,0,0,0,0,1,0,0,0.1730615879,-0.0386022829,0.8709770559,-0.6188567975,0.070752235,-0.0176621237,-1.0144832466,-0.0731974162
2,4,0,0,0,0,0,0,0,1,0,0,0,0,0,0,0,0,0,0,1,0.1730615879,-0.0386022829,0.8709770559,-0.6188567975,0.7079553913,-0.6305022556,-1.0144832466,-0.0731974162
2,4,0,0,0,0,0,0,0,1,0,0,0,0,0,0,0,0,0,0,1,0.1730615879,-0.0386022829,0.8709770559,-0.6188567975,0.6562902705,-0.5692182424,-1.0144832466,-0.0731974162
3,4,0,0,0,0,0,0,0,1,0,0,0,0,0,1,0,0,0,0,0,0.1730615879,-0.0386022829,0.8709770559,-0.6188567975,0.2601910112,-0.2015141633,-1.2377408133,-0.0731974162
1,5,0,0,0,0,0,0,0,0,1,0,0,0,1,0,0,0,0,0,0,0.1730615879,-0.0386022829,0.8709770559,-0.6188567975,0.070752235,-0.0176621237,-1.0144832466,-0.0731974162
7,4,0,0,0,0,0,1,0,0,0,0,0,0,0,0,0,0,0,0,1,0.2274083226,0.0129227952,0.8963735033,-0.5530597799,-0.5492292143,0.4113259686,-1.0144832466,-0.0731974162
6,5,0,0,0,0,0,0,0,0,1,0,0,0,0,1,0,0,0,0,0,0.1549460097,0.3002141398,1.0447210058,-0.3337363878,0.2946344251,-0.446650216,-1.2377408133,-0.0731974162
1,4,0,0,0,0,0,0,0,0,1,0,0,0,0,0,0,0,1,0,0,0.1549460097,0.3002141398,1.0447210058,-0.3337363878,-0.5147858005,0.4113259686,0.2692477617,-0.0731974162
8,6,0,0,0,0,0,0,0,1,0,0,0,0,1,0,0,0,0,0,0,0.1549460097,0.3002141398,1.0447210058,-0.3337363878,-1.1519889567,1.3305861663,0.4925053284,-0.0731974162
5,4,0,0,0,0,0,0,0,1,0,0,0,0,0,0,0,0,1,0,0,0.1549460097,0.3002141398,1.0447210058,-0.3337363878,-0.3597904381,-0.0789461369,-0.5121537216,-0.0731974162
6,5,0,0,0,0,0,0,0,0,1,0,0,0,0,0,0,0,0,1,0,0.1549460097,0.3002141398,1.0447210058,-0.3337363878,0.4151863736,-0.5692182424,-1.0144832466,-0.0731974162
6,3,0,0,0,0,0,0,0,0,1,0,0,0,1,0,0,0,0,0,0,0.2636394791,-0.1853706872,0.79559395,0.1268427354,-1.5136448022,1.882142285,-0.2330817633,-0.0731974162
8,6,0,0,0,0,0,0,0,1,0,0,0,0,0,0,0,0,1,0,0,0.2636394791,-0.1853706872,0.79559395,0.1268427354,-0.2564601966,0.7790300477,0.2692477617,-0.0731974162
7,4,0,0,0,0,0,0,0,1,0,0,0,0,0,0,0,0,0,0,1,0.2636394791,-0.1853706872,0.79559395,0.1268427354,-1.0486587152,1.20801814,-0.2330817633,-0.0731974162
1,4,0,0,0,0,0,0,0,0,1,0,0,0,1,0,0,0,0,0,0,0.2636394791,-0.1853706872,0.79559395,0.1268427354,-1.5136448022,1.882142285,-0.2330817633,-0.0731974162
8,6,0,0,0,0,0,0,0,1,0,0,0,0,0,0,0,1,0,0,0,0.2636394791,-0.1853706872,0.79559395,0.1268427354,-0.6008943351,0.5338939949,1.2739068117,-0.0731974162
6,5,0,0,0,0,0,0,0,0,1,0,0,0,1,0,0,0,0,0,0,0.2636394791,-0.1853706872,0.79559395,0.1268427354,0.2946344251,-0.0789461369,-0.2330817633,-0.0731974162
8,4,0,0,0,0,0,0,0,1,0,0,0,0,0,0,0,0,0,1,0,0.2636394791,-0.1853706872,0.79559395,0.1268427354,0.1568607697,0.1661899158,-0.7354112883,-0.0731974162
4,5,0,0,0,0,0,0,0,1,0,0,0,0,0,0,0,0,0,0,1,0.2636394791,-0.1853706872,0.79559395,0.1268427354,-0.0325780065,0.3500419554,-1.0144832466,-0.0731974162
7,4,0,0,0,0,0,0,0,1,0,0,0,0,0,0,0,1,0,0,0,0.2636394791,-0.1853706872,0.79559395,0.1268427354,0.3290778389,-0.5692182424,0.4925053284,-0.0731974162
2,4,0,0,0,0,0,0,0,1,0,0,0,0,0,0,0,0,1,0,0,0.2636394791,-0.1853706872,0.79559395,0.1268427354,0.3290778389,-0.5692182424,0.4925053284,-0.0731974162
4,3,0,0,0,0,0,0,0,1,0,0,0,0,0,0,0,0,0,1,0,0.3361017921,0.1737434935,0.9745784367,0.2584367707,-0.5147858005,0.6564620213,-0.2330817633,-0.0731974162
1,2,0,0,0,0,0,0,0,0,1,0,0,0,0,0,0,1,0,0,0,0.3361017921,0.1737434935,0.9745784367,0.2584367707,0.1396390627,-0.3240821896,-0.7354112883,-0.0731974162
4,5,0,0,0,0,0,0,0,0,1,0,0,0,0,0,0,1,0,0,0,0.3361017921,0.1737434935,0.9745784367,0.2584367707,0.3807429597,-0.3240821896,-1.0144832466,-0.0731974162
7,4,0,0,0,0,0,0,0,0,1,0,0,0,0,0,0,0,0,1,0,0.3361017921,0.1737434935,0.9745784367,0.2584367707,-0.0842431273,-0.1402301501,-1.0144832466,-0.0731974162
4,3,0,0,0,0,0,0,0,1,0,0,0,0,0,0,0,0,0,0,1,0.3361017921,0.1737434935,0.9745784367,0.2584367707,-0.2736819035,0.0436218895,-0.0098241966,-0.0731974162
1,2,0,0,0,0,0,0,0,1,0,0,0,0,0,1,0,0,0,0,0,-0.4428680724,-0.8692489965,0.7431885822,0.5654895195,-0.6353377489,1.20801814,-0.5121537216,-0.0731974162
6,5,0,0,0,0,0,0,0,0,1,0,0,0,0,0,0,1,0,0,0,0.2274083226,0.0129227952,0.8963735033,-0.5530597799,-0.5147858005,0.5338939949,-1.0144832466,-0.0731974162
5,4,0,0,0,0,0,0,0,0,1,0,0,0,0,0,0,1,0,0,0,0.2274083226,0.0129227952,0.8963735033,-0.5530597799,0.3807429597,-0.5692182424,-0.7354112883,-0.0731974162
1,5,0,0,0,0,0,0,0,0,1,0,0,0,0,1,0,0,0,0,0,0.2274083226,0.0129227952,0.8963735033,-0.5530597799,0.1224173558,0.0436218895,-0.5121537216,-0.0731974162
8,6,0,0,0,0,0,0,0,1,0,0,0,0,0,1,0,0,0,0,0,0.0824836967,0.3345641918,1.0648769165,0.7628805724,-0.5147858005,-0.3853662028,0.7715772867,-0.0731974162
7,5,0,0,0,0,0,0,0,1,0,0,0,0,0,1,0,0,0,0,0,0.0824836967,0.3345641918,1.0648769165,0.7628805724,-0.4286772658,-1.0594903479,-0.2330817633,-0.0731974162
6,3,0,0,0,0,0,0,0,0,0,1,0,0,0,1,0,0,0,0,0,0.1005992749,-0.2587548893,0.7919658861,-0.136345335,-0.3597904381,0.1661899158,0.4925053284,-0.0731974162
1,4,0,0,0,0,0,0,0,0,1,0,0,0,0,1,0,0,0,0,0,0.0643681184,2.5829312363,1.1172822843,-0.4214657447,-0.8764416459,2.0047103114,1.9994939034,-0.0731974162
3,4,0,0,0,0,0,0,0,1,0,0,0,0,0,0,1,0,0,0,0,0.0643681184,2.5829312363,1.1172822843,-0.4214657447,-0.8764416459,2.0047103114,1.9994939034,-0.0731974162
2,4,0,0,0,0,0,0,0,0,1,0,0,0,0,0,1,0,0,0,0,0.2274083226,0.3548619499,-0.1106157937,-0.2240746918,-0.8075548182,0.8403140609,-0.0098241966,-0.0731974162
4,4,0,0,0,0,0,0,0,1,0,0,0,0,0,0,0,0,1,0,0,0.2455239009,1.441572688,0.4698744336,-0.2021423526,-1.4619796814,1.882142285,-1.7400703383,-0.0731974162
2,2,0,0,0,0,0,0,0,1,0,0,0,0,0,1,0,0,0,0,0,0.7527600917,1.7413549606,0.6073377443,1.0699333212,0.2429693043,-0.1402301501,-0.7354112883,-0.0731974162
5,4,0,0,0,0,0,0,0,0,1,0,0,0,0,0,1,0,0,0,0,-0.0624409293,2.7968383787,1.2390239847,-0.3556687271,-1.4792013883,2.0659943245,-0.0098241966,-0.0731974162
2,5,0,0,0,0,0,0,0,0,1,0,0,0,1,0,0,0,0,0,0,0.1005992749,-0.2587548893,0.7919658861,-0.136345335,-0.6008943351,0.7790300477,0.4925053284,-0.0731974162
2,2,0,0,0,0,0,0,0,1,0,0,0,0,0,0,0,0,0,1,0,0.2636394791,1.5009045961,0.5025270089,-0.1802100134,0.3807429597,0.5951780081,-1.0144832466,-0.0731974162
1,3,0,0,0,0,0,0,0,0,1,0,0,0,0,0,0,0,0,0,1,0.553488731,1.8771938029,0.6738522495,-0.136345335,0.5185166151,-0.1402301501,-1.0144832466,-0.0731974162
7,4,0,0,0,0,0,0,0,1,0,0,0,0,0,0,0,0,0,0,1,0.0462525402,-1.4360248556,-2.085491921,-0.2240746918,-1.7547486991,0.4113259686,0.9948348534,-0.0731974162
4,5,0,0,0,0,0,0,0,0,1,0,0,0,0,0,0,1,0,0,0,-13.0331949522,-1.7139480042,-1.5179014766,-1.9786618282,-2.3575084415,3.4142426146,-1.7400703383,-0.0731974162
6,5,0,0,0,0,0,0,0,1,0,0,0,0,0,0,1,0,0,0,0,0.553488731,-0.1494592691,-0.3593397314,0.6312865371,0.070752235,-0.3240821896,1.7762363367,-0.0731974162
7,4,0,0,0,0,0,0,1,0,0,0,0,0,0,0,0,0,0,1,0,0.0100213837,1.2994883817,0.3832040177,-0.4872627623,-0.4631206797,1.1467341268,-0.7354112883,-0.0731974162
4,4,0,0,0,0,0,0,0,1,0,0,0,0,0,1,0,0,0,0,0,0.8252224047,1.6679707585,0.572669578,1.9691592286,1.6034841515,-0.9369223215,-1.2377408133,-0.0731974162
8,6,0,0,0,0,0,0,0,1,0,0,0,0,0,0,0,0,0,0,1,0.1730615879,2.1473101214,0.8298589981,-0.5969244583,0.2774127181,0.8403140609,-0.7354112883,-0.0731974162
1,4,0,0,0,0,0,0,0,1,0,0,0,0,0,0,0,0,1,0,0,0.1730615879,2.5438970862,1.0930951915,-0.2898717094,0.4151863736,-0.0176621237,0.2692477617,-0.0731974162
7,5,0,0,0,0,0,1,0,0,0,0,0,0,0,0,0,0,0,0,1,0.1730615879,1.0996335334,0.2622685537,-0.3118040486,0.3462995458,0.3500419554,-1.0144832466,-0.0731974162
2,5,0,0,0,0,0,0,0,1,0,0,0,0,0,0,0,1,0,0,0,-0.0262097728,-0.2212821052,0.8165560971,0.5216248411,0.2946344251,0.6564620213,0.7715772867,-0.0731974162
1,3,0,0,0,0,0,0,0,0,1,0,0,0,0,0,0,0,0,1,0,0.0462525402,-1.4360248556,-2.085491921,-0.2240746918,-1.2553191983,0.227473929,0.7715772867,-0.0731974162
1,2,0,0,0,0,0,0,0,0,1,0,0,0,0,0,0,1,0,0,0,0.7527600917,1.8131777968,0.6399903196,0.6532188763,0.7596205121,-0.6305022556,-0.5121537216,-0.0731974162
3,4,0,0,0,0,0,0,0,0,1,0,0,0,0,0,0,0,0,0,1,0.7527600917,1.8131777968,0.6399903196,0.6532188763,0.7596205121,-0.6305022556,-0.5121537216,-0.0731974162
7,4,0,0,0,0,0,0,1,0,0,0,0,0,1,0,0,0,0,0,0,-1.076913311,-1.5827932599,-1.9738281759,-1.0794359208,-1.9614091822,1.6370062323,1.2739068117,-0.0731974162
8,6,0,0,0,0,0,0,0,0,1,0,0,0,1,0,0,0,0,0,0,0.0824836967,-0.3055958694,0.7665694386,-0.3995334055,0.311856132,0.1049059026,-0.7354112883,-0.0731974162
2,5,0,0,0,0,0,1,0,0,0,0,0,0,0,0,0,1,0,0,0,0.0643681184,2.5829312363,1.1172822843,-0.4214657447,0.5185166151,-0.0789461369,-0.0098241966,-0.0731974162
9,4,0,0,0,0,0,0,1,0,0,0,0,0,1,0,0,0,0,0,0,0.4991419963,-1.4969181297,-2.1056478317,0.5216248411,-0.6353377489,-1.5497624533,1.9994939034,-0.0731974162
3,4,0,0,0,0,0,0,0,0,1,0,0,0,0,0,0,0,0,0,1,-1.1856067804,-1.6593001941,-2.0205898887,-1.4961503657,-2.3402867346,1.4531541927,-1.2377408133,-0.0731974162
7,5,0,0,0,0,0,0,0,0,1,0,0,0,0,0,0,0,0,1,0,-1.0225665762,-1.5906000899,-1.9794718309,-1.211029956,-1.5136448022,1.0854501136,-1.2377408133,-0.0731974162
3,4,0,0,0,0,0,0,0,0,1,0,0,0,0,0,0,1,0,0,0,-0.0262097728,-0.2212821052,0.8165560971,0.5216248411,0.2601910112,0.6564620213,0.4925053284,-0.0731974162
2,2,0,0,0,0,0,0,0,1,0,0,0,0,0,0,0,0,0,1,0,0.1730615879,1.0996335334,0.2622685537,-0.3118040486,0.9318375813,-0.6917862687,-0.2330817633,-0.0731974162
4,4,0,0,0,0,0,0,0,0,1,0,0,0,0,0,0,0,0,0,1,0.553488731,1.8771938029,0.6738522495,-0.136345335,1.2073848922,-0.7530702819,-0.5121537216,-0.0731974162
4,5,0,0,0,0,0,0,1,0,0,0,0,0,0,0,0,0,1,0,0,0.4810264181,-0.9582468587,-1.0087631731,1.0918656604,1.5690407376,-0.6305022556,0.2692477617,-0.0731974162
6,5,0,0,0,0,0,0,0,0,1,0,0,0,0,0,0,0,1,0,0,0.4810264181,-0.9582468587,-1.0087631731,1.0918656604,1.5690407376,-0.6305022556,0.2692477617,-0.0731974162
6,3,0,0,0,0,0,0,0,0,1,0,0,0,1,0,0,0,0,0,0,0.0824836967,-0.3539982155,0.740769873,-0.1582776742,0.6735119774,0.1049059026,-0.0098241966,-0.0731974162
6,6,0,0,0,0,0,0,1,0,0,0,0,0,1,0,0,0,0,0,0,0.7527600917,1.8131777968,0.6399903196,0.6532188763,1.0523895298,-0.5079342292,-0.0098241966,-0.0731974162
2,2,0,0,0,0,0,0,0,0,1,0,0,0,0,0,0,0,1,0,0,0.0100213837,1.2994883817,0.3832040177,-0.4872627623,0.4151863736,-0.2015141633,-0.2330817633,-0.0731974162
2,2,0,0,0,0,0,0,0,1,0,0,0,0,1,0,0,0,0,0,0,-0.4972148071,-0.4070846596,0.7141640709,-1.1671652776,0.5012949082,-0.6305022556,-1.0144832466,-0.0731974162
8,3,0,0,0,0,0,0,0,0,1,0,0,0,0,0,0,1,0,0,0,0.7165289352,1.5805342623,0.5359858206,0.1049103962,1.5518190307,-1.0594903479,-1.0144832466,-0.0731974162
6,5,0,0,0,0,0,1,0,0,0,0,0,0,0,0,0,0,1,0,0,-0.6421394331,2.8171361367,1.26038925,-1.10136826,-0.3253470243,1.3918701795,0.4925053284,-0.0731974162
1,2,0,0,0,0,0,0,0,1,0,0,0,0,0,0,1,0,0,0,0,-1.076913311,-1.603091018,-1.987131077,-1.3426239912,-0.8075548182,0.1049059026,-0.0098241966,-0.0731974162
6,4,0,0,0,0,0,0,0,1,0,0,0,0,0,0,0,0,1,0,0,-0.0624409293,2.7968383787,1.2390239847,-0.3556687271,0.1740824766,-0.0176621237,-0.5121537216,-0.0731974162
7,4,0,0,0,0,0,0,0,1,0,0,0,0,0,0,0,0,1,0,0,0.2998706356,-0.2290889353,-0.3940078977,0.6751512155,0.776842219,-0.8143542951,0.7715772867,-0.0731974162
4,4,0,0,0,0,0,0,1,0,0,0,0,0,0,1,0,0,0,0,0,-1.1856067804,-1.617143312,-1.9959996777,-1.3864886696,-0.7214462836,-0.1402301501,-0.7354112883,-0.0731974162
1,3,0,0,0,0,0,0,0,1,0,0,0,0,0,0,0,0,0,1,0,-1.0950288892,-1.6811593181,-2.0330865533,-1.2548946344,-1.8408572338,0.5338939949,3.0041529534,-0.0731974162
8,6,0,0,0,0,0,0,0,1,0,0,0,0,1,0,0,0,0,0,0,0.2998706356,-0.2931049414,-0.426660473,0.1707074138,0.6735119774,-1.0594903479,0.2692477617,-0.0731974162
1,4,0,0,0,0,0,0,1,0,0,0,0,0,0,1,0,0,0,0,0,0.553488731,1.8771938029,0.6738522495,-0.136345335,1.2934934268,-0.6917862687,-0.2330817633,-0.0731974162
6,5,0,0,0,0,0,0,0,1,0,0,0,0,0,0,1,0,0,0,0,0.5353731528,1.939648443,0.7061017066,0.2365044315,0.8973941675,0.3500419554,-0.0098241966,-0.0731974162
3,4,0,0,0,0,0,0,0,1,0,0,0,0,0,0,0,0,0,0,1,0.7527600917,1.7413549606,0.6073377443,1.0699333212,1.482932203,-1.0594903479,0.4925053284,-0.0731974162
2,5,0,0,0,0,0,0,1,0,0,0,0,0,0,0,0,0,0,0,1,0.3723329486,0.8310785808,0.1123085783,-0.026683639,1.2762717199,-0.3240821896,-0.5121537216,-0.0731974162
4,5,0,0,0,0,0,0,0,1,0,0,0,0,0,0,1,0,0,0,0,0.4991419963,-1.4610067117,-2.0947636399,0.192639753,-0.8764416459,-1.2433423874,0.9948348534,-0.0731974162
4,3,0,0,0,0,0,0,0,0,1,0,0,0,0,0,0,0,0,1,0,0.2455239009,1.441572688,0.4698744336,-0.2021423526,1.0351678229,-0.1402301501,0.7715772867,-0.0731974162
2,5,0,0,0,0,0,0,0,1,0,0,0,0,0,0,0,0,1,0,0,0.1730615879,1.0996335334,0.2622685537,-0.3118040486,1.017946116,-0.5079342292,-0.0098241966,-0.0731974162
2,5,0,0,0,0,0,0,0,1,0,0,0,0,0,0,0,0,0,1,0,0.1911771662,1.2573314997,0.3545826245,-0.2679393702,1.2590500129,-0.5079342292,0.2692477617,-0.0731974162
2,2,0,0,0,0,0,0,0,1,0,0,0,0,0,1,0,0,0,0,0,0.8252224047,1.6679707585,0.572669578,1.9691592286,2.0512485315,-1.5497624533,0.2692477617,-0.0731974162
8,6,0,0,0,0,0,0,0,0,1,0,0,0,0,0,0,1,0,0,0,-0.3160590247,2.3768309239,0.9995717659,-0.8381801895,1.7929229276,-1.0594903479,-0.2330817633,-0.0731974162
7,4,0,0,0,0,0,0,0,1,0,0,0,0,0,0,0,0,0,1,0,0.1005992749,-0.2587548893,0.7919658861,-0.136345335,0.5874034428,0.227473929,-0.0098241966,-0.0731974162
7,4,0,0,0,0,0,0,0,1,0,0,0,0,0,0,0,0,0,1,0,0.553488731,1.8771938029,0.6738522495,-0.136345335,1.3796019614,-0.8143542951,-0.2330817633,-0.0731974162
2,5,0,0,0,0,0,0,0,1,0,0,0,0,0,0,1,0,0,0,0,0.1730615879,2.1473101214,0.8298589981,-0.5969244583,0.2601910112,0.7177460345,-1.0144832466,-0.0731974162
2,5,0,0,0,0,0,0,1,0,0,0,0,0,0,0,0,0,0,1,0,0.1730615879,2.1473101214,0.8298589981,-0.5969244583,0.2601910112,0.7177460345,-1.0144832466,-0.0731974162
1,3,0,0,0,0,0,0,0,0,1,0,0,0,0,0,0,0,0,0,1,0.2636394791,1.5009045961,0.5025270089,-0.1802100134,1.5518190307,-0.6917862687,-1.0144832466,-0.0731974162
8,6,0,0,0,0,0,0,0,1,0,0,0,0,0,0,0,1,0,0,0,0.7527600917,1.7413549606,0.6073377443,1.0699333212,1.2590500129,-0.6305022556,0.9948348534,-0.0731974162
8,6,0,0,0,0,0,0,0,1,0,0,0,0,0,0,0,0,0,1,0,0.1730615879,1.0996335334,0.2622685537,-0.3118040486,0.9835027021,-0.0176621237,-0.0098241966,-0.0731974162
6,6,0,0,0,0,0,0,0,1,0,0,0,0,1,0,0,0,0,0,0,-0.1711343987,2.7531201306,1.2148368919,-0.4872627623,0.087973942,0.0436218895,-0.2330817633,-0.0731974162
8,5,0,0,0,0,0,0,0,1,0,0,0,0,0,0,1,0,0,0,0,0.2636394791,1.0481084553,0.2312284512,0.1268427354,0.7596205121,-0.2627981765,-0.0098241966,-0.0731974162
8,6,0,0,0,0,0,0,0,1,0,0,0,0,1,0,0,0,0,0,0,0.7527600917,1.7413549606,0.6073377443,1.0699333212,0.8629507536,-0.3853662028,1.4971643784,-0.0731974162
5,4,0,0,0,0,0,0,0,0,1,0,0,0,0,0,0,0,0,1,0,0.5353731528,1.939648443,0.7061017066,0.2365044315,0.3462995458,1.3305861663,0.4925053284,-0.0731974162
2,4,0,0,0,0,0,0,0,0,1,0,0,0,0,0,0,0,0,1,0,-0.0080941945,2.4814424461,1.0612488526,-0.7723831719,0.5701817359,0.0436218895,-0.2330817633,-0.0731974162
5,4,0,0,0,0,0,0,0,1,0,0,0,0,0,1,0,0,0,0,0,0.028136962,-0.4086460256,-0.6907029027,-0.7504508327,0.8457290467,0.4113259686,-1.2377408133,-0.0731974162
5,4,0,0,0,0,0,0,0,1,0,0,0,0,0,0,0,0,0,0,1,0.2636394791,1.5009045961,0.5025270089,-0.1802100134,1.3623802545,-0.5692182424,-1.5168127716,-0.0731974162
1,4,0,0,0,0,0,0,0,0,1,0,0,0,0,0,0,0,0,1,0,-0.2254811335,2.2285011536,0.8887142573,0.1487750746,-0.8075548182,1.7595742586,-0.7354112883,-0.0731974162
3,3,0,0,0,0,0,0,0,0,1,0,0,0,0,0,0,0,0,1,0,0.553488731,1.8771938029,0.6738522495,-0.136345335,0.8112856329,0.5338939949,-0.0098241966,-0.0731974162
2,5,0,0,0,0,0,0,0,1,0,0,0,0,0,0,0,1,0,0,0,0.0824836967,-0.3055958694,0.7665694386,-0.3995334055,0.0363088212,0.1049059026,-1.0144832466,-0.0731974162
8,3,0,0,0,0,0,0,0,0,1,0,0,0,0,1,0,0,0,0,0,-0.0624409293,2.7968383787,1.2390239847,-0.3556687271,-0.4631206797,0.8403140609,-0.2330817633,-0.0731974162
7,4,0,0,0,0,0,0,1,0,0,0,0,0,0,0,0,0,0,1,0,0.2636394791,1.5009045961,0.5025270089,-0.1802100134,1.1384980644,-0.9369223215,-1.2377408133,-0.0731974162
4,5,0,0,0,0,0,0,0,0,1,0,0,0,0,0,1,0,0,0,0,-0.4972148071,-1.3423428954,-2.0411489176,-1.1671652776,-1.3758711468,1.20801814,-0.5121537216,-0.0731974162
6,5,0,0,0,0,0,0,0,0,1,0,0,0,0,0,1,0,0,0,0,0.0100213837,-0.4679779337,-0.7241617145,1.7059711581,-0.7042245766,2.0659943245,2.2227514701,-0.0731974162
7,4,0,0,0,0,0,0,1,0,0,0,0,0,0,0,0,0,0,1,0,-0.0624409293,2.7968383787,1.2390239847,-0.3556687271,-0.4631206797,0.8403140609,-0.2330817633,-0.0731974162
5,6,0,0,0,0,0,0,0,1,0,0,0,0,0,0,0,0,0,0,1,0.6078354658,-0.9832287147,-1.8029060535,0.3680984667,-0.2736819035,2.1885623509,0.2692477617,-0.0731974162
9,4,0,0,0,0,0,0,0,0,1,0,0,0,0,1,0,0,0,0,0,0.2455239009,1.441572688,0.4698744336,-0.2021423526,0.0363088212,1.5757222191,-1.0144832466,-0.0731974162
9,4,0,0,0,0,0,1,0,0,0,0,0,0,0,0,0,0,0,1,0,0.4991419963,-1.4610067117,-2.0947636399,0.192639753,-1.7203052853,-0.5692182424,2.2227514701,-0.0731974162
2,2,0,0,0,0,0,0,0,1,0,0,0,0,0,1,0,0,0,0,0,-0.1711343987,2.7172087125,1.1934716266,0.2365044315,-1.4447579745,2.0047103114,-0.0098241966,-0.0731974162
2,2,0,0,0,0,0,0,0,1,0,0,0,0,0,1,0,0,0,0,0,0.1730615879,1.0996335334,0.2622685537,-0.3118040486,0.070752235,1.0241661004,0.4925053284,-0.0731974162
3,4,0,0,0,0,0,0,1,0,0,0,0,0,0,0,0,0,0,1,0,0.8252224047,1.6679707585,0.572669578,1.9691592286,0.776842219,0.2887579422,0.7715772867,-0.0731974162
3,4,0,0,0,0,0,0,0,1,0,0,0,0,0,0,0,0,0,0,1,-0.0262097728,1.3416452638,0.4110191744,1.5963094621,-1.2208757844,2.6788344564,0.4925053284,-0.0731974162
6,3,0,0,0,0,0,0,0,0,1,0,0,0,0,0,0,0,0,0,1,0.1549460097,1.9880507891,0.7363355726,-0.3337363878,-0.2047950758,1.2693021531,-0.0098241966,-0.0731974162
9,9,0,0,0,0,0,0,1,0,0,0,0,0,0,0,0,0,0,0,1,-0.2254811335,2.42523327,1.0294025137,-0.7504508327,-0.2564601966,0.5951780081,-0.5121537216,-0.0731974162
2,5,0,0,0,0,0,0,0,1,0,0,0,0,0,0,0,0,0,0,1,0.1730615879,2.1473101214,0.8298589981,-0.5969244583,-0.3597904381,0.7177460345,-0.5121537216,-0.0731974162
2,4,0,0,0,0,0,0,0,0,1,0,0,0,0,0,0,0,0,0,1,0.7165289352,0.7670625747,0.077640412,1.6840388189,-0.1703516619,0.227473929,-0.7354112883,-0.0731974162
2,4,0,0,0,0,0,0,0,1,0,0,0,0,0,0,0,0,0,0,1,0.1730615879,2.1473101214,0.8298589981,-0.5969244583,-0.394233852,0.901598074,-0.7354112883,-0.0731974162
9,9,0,0,0,0,0,0,0,1,0,0,0,0,0,0,0,0,1,0,0,0.1911771662,1.2573314997,0.3545826245,-0.2679393702,0.1740824766,0.3500419554,-0.0098241966,-0.0731974162
6,5,0,0,0,0,0,0,0,0,1,0,0,0,0,0,0,0,0,1,0,0.553488731,1.8771938029,0.6738522495,-0.136345335,0.0018654073,1.20801814,0.4925053284,-0.0731974162
7,4,0,0,0,0,0,0,0,0,1,0,0,0,0,0,0,0,0,0,1,0.1730615879,2.5438970862,1.0930951915,-0.2898717094,-0.5836726282,1.6982902454,2.2227514701,-0.0731974162
1,2,0,0,0,0,0,0,0,0,1,0,0,0,0,0,0,0,0,0,1,0.553488731,1.8771938029,0.6738522495,-0.136345335,0.0018654073,1.20801814,0.4925053284,-0.0731974162
9,4,0,0,0,0,0,0,1,0,0,0,0,0,0,0,0,0,0,1,0,0.553488731,1.8771938029,0.6738522495,-0.136345335,0.0018654073,1.20801814,0.4925053284,-0.0731974162
6,3,0,0,0,0,0,0,0,0,1,0,0,0,0,0,0,0,1,0,0,0.0643681184,2.5829312363,1.1172822843,-0.4214657447,-0.7558896974,1.9434262982,1.9994939034,-0.0731974162
1,2,0,0,0,0,0,0,0,0,1,0,0,0,0,0,0,1,0,0,0,-2.8160088224,-1.6624229261,-2.1435409438,-1.5619473833,-2.4608386831,2.3111303773,1.2739068117,-0.0731974162
1,4,0,0,0,0,0,0,0,1,0,0,0,0,0,0,0,0,0,1,0,-2.8160088224,-1.6624229261,-2.1435409438,-1.5619473833,-2.3747301485,2.0047103114,0.7715772867,-0.0731974162
5,4,0,0,0,0,0,0,0,1,0,0,0,0,0,0,0,0,0,0,1,-2.0189233797,-1.6749138541,-2.1471690077,-1.5838797225,-2.4608386831,0.901598074,-1.7400703383,-0.0731974162
5,6,0,0,0,0,0,0,0,0,1,0,0,0,0,0,1,0,0,0,0,-0.6240238548,-1.4953567637,-2.0600954736,-0.4214657447,-1.4964230952,0.0436218895,0.9948348534,-0.0731974162
1,2,0,0,0,0,0,0,0,1,0,0,0,0,0,0,0,0,0,1,0,-0.0805565075,-1.4422703196,-2.0431645086,-0.3776010663,-1.324206026,-0.2015141633,0.7715772867,-0.0731974162
2,4,0,0,0,0,0,0,0,1,0,0,0,0,0,0,0,0,1,0,0,0.1187148532,-1.4094816336,-2.0334896715,-0.1144129958,-0.9625501805,-1.0594903479,-0.2330817633,-0.0731974162
1,2,0,0,0,0,0,0,0,1,0,0,0,0,0,0,0,0,1,0,0,0.0643681184,-1.5031635938,-2.1056478317,0.7190158939,-0.8936633528,-0.6917862687,3.0041529534,-0.0731974162
4,3,0,0,0,0,0,0,1,0,0,0,0,0,0,0,0,0,0,0,1,0.0643681184,-1.5031635938,-2.1056478317,0.7190158939,-0.2220167827,-1.0594903479,0.9948348534,-0.0731974162
1,3,0,0,0,0,0,0,0,1,0,0,0,0,0,0,0,1,0,0,0,-0.189249977,-1.3345360654,-1.9117479711,-0.7285184935,-0.153129955,-0.2627981765,-0.0098241966,-0.0731974162
8,8,0,0,0,0,0,0,0,1,0,0,0,0,0,0,1,0,0,0,0,-0.4428680724,-0.2290889353,-1.2857053857,-0.9478418856,-0.7903331113,2.1272783377,-0.0098241966,-0.0731974162
6,3,0,0,0,0,0,0,1,0,0,0,0,0,0,1,0,0,0,0,0,-0.0262097728,-0.7771284023,-1.1905694873,0.082978057,0.9662809952,0.3500419554,-0.5121537216,-0.0731974162
6,5,0,0,0,0,0,0,0,0,1,0,0,0,0,0,1,0,0,0,0,0.4266796833,-0.110425119,-0.9321707126,0.3900308059,1.2934934268,-0.5692182424,-0.7354112883,-0.0731974162
4,4,0,0,0,0,0,0,0,0,1,0,0,0,0,0,1,0,0,0,0,0.553488731,0.1690593955,-0.7971261111,1.9691592286,0.6562902705,-0.2627981765,3.0041529534,-0.0731974162
7,5,0,0,0,0,0,0,0,1,0,0,0,0,0,0,0,0,0,1,0,0.5172575746,-0.3992778296,-0.6165291515,0.192639753,1.4312670822,-0.9982063347,-1.5168127716,-0.0731974162
5,4,0,0,0,0,0,0,0,1,0,0,0,0,0,1,0,0,0,0,0,0.553488731,-0.1494592691,-0.5020435789,1.2453920348,1.241828306,0.0436218895,-0.0098241966,-0.0731974162
4,3,0,0,0,0,0,1,0,0,0,0,0,0,0,0,0,1,0,0,0,0.553488731,-0.1494592691,-0.5020435789,1.2453920348,-0.1186865412,2.3111303773,0.2692477617,-0.0731974162
1,2,0,0,0,0,0,0,0,1,0,0,0,0,0,0,0,1,0,0,0,-0.26171229,-0.108863753,-0.4689878854,-0.5749921191,0.6390685636,0.7790300477,0.4925053284,-0.0731974162
8,5,0,0,0,0,0,0,0,1,0,0,0,0,0,0,1,0,0,0,0,0.4629108398,0.0550796773,0.0486159006,0.1049103962,1.94791829,-1.1820583742,0.2692477617,-0.0731974162
8,6,0,0,0,0,0,0,0,1,0,0,0,0,1,0,0,0,0,0,0,0.4629108398,0.0550796773,0.0486159006,0.1049103962,1.94791829,-1.3659104138,0.4925053284,-0.0731974162
8,6,0,0,0,0,0,0,0,1,0,0,0,0,0,0,0,0,0,1,0,0.77087567,0.3033368718,0.1578609364,1.1137979996,0.776842219,-0.2627981765,0.9948348534,-0.0731974162
4,3,0,0,0,0,0,0,1,0,0,0,0,0,0,0,0,1,0,0,0,0.77087567,0.3033368718,0.1578609364,1.1137979996,2.0856919454,-1.0594903479,0.7715772867,-0.0731974162
7,5,0,0,0,0,0,0,0,1,0,0,0,0,0,1,0,0,0,0,0,0.77087567,0.3033368718,0.1578609364,1.1137979996,2.4473477908,-1.1820583742,-0.0098241966,-0.0731974162
6,5,0,0,0,0,0,0,0,1,0,0,0,0,0,0,0,1,0,0,0,0.7889912482,0.3845279039,0.194947812,2.6929264223,2.0168051177,-0.9982063347,-0.2330817633,-0.0731974162
8,6,0,0,0,0,0,0,0,1,0,0,0,0,0,0,0,1,0,0,0,0.8071068265,0.4750871321,0.2332440423,1.903362211,0.8973941675,-0.0789461369,1.2739068117,-0.0731974162
1,3,0,0,0,0,0,0,0,1,0,0,0,0,0,0,0,0,1,0,0,0.8071068265,0.4750871321,0.2332440423,1.903362211,1.2934934268,-0.6305022556,-0.2330817633,-0.0731974162
5,4,0,0,0,0,0,0,0,0,1,0,0,0,0,0,0,0,1,0,0,0.8071068265,0.4750871321,0.2332440423,1.903362211,0.087973942,1.6370062323,1.9994939034,-0.0731974162
4,3,0,0,0,0,0,0,0,0,1,0,0,0,0,0,0,1,0,0,0,0.8071068265,0.4750871321,0.2332440423,1.903362211,0.2946344251,0.8403140609,-1.5168127716,-0.0731974162
4,3,0,0,0,0,0,0,0,1,0,0,0,0,0,0,0,0,0,0,1,0.8071068265,0.4750871321,0.2332440423,1.903362211,1.6895926861,-0.6917862687,-0.0098241966,-0.0731974162
8,6,0,0,0,0,0,0,0,1,0,0,0,0,0,0,0,0,0,0,1,0.9339158742,0.6421532945,0.3070146754,1.048000982,2.3267958423,-1.427194427,0.2692477617,-0.0731974162
2,2,0,0,0,0,0,0,0,1,0,0,0,0,0,1,0,0,0,0,0,0.9520314524,0.7358352546,0.3453109056,0.4996925019,2.3267958423,-1.0594903479,-1.0144832466,-0.0731974162
2,4,0,0,0,0,0,0,0,1,0,0,0,0,1,0,0,0,0,0,0,0.9520314524,0.7358352546,0.3453109056,0.4996925019,1.482932203,-0.9369223215,0.2692477617,-0.0731974162
9,5,0,0,0,0,0,1,0,0,0,0,0,0,0,0,1,0,0,0,0,0.9701470307,0.8295172148,0.3832040177,1.0918656604,2.0512485315,-0.8756383083,0.4925053284,-0.0731974162
9,5,0,0,0,0,0,1,0,0,0,0,0,0,0,0,1,0,0,0,0,1.0063781872,1.0090743052,0.4589902418,1.7059711581,0.8629507536,-0.1402301501,-1.0144832466,-0.0731974162
4,6,0,0,0,0,0,0,0,0,1,0,0,0,0,0,0,0,0,0,1,1.0063781872,1.0090743052,0.4589902418,1.7059711581,2.3612392562,-1.120774361,-0.5121537216,-0.0731974162
2,4,0,0,0,0,0,0,0,1,0,0,0,0,1,0,0,0,0,0,0,0.9882626089,1.0965108013,0.4968833539,1.157662678,2.3095741354,-1.0594903479,-1.0144832466,-0.0731974162
2,4,0,0,0,0,0,0,0,0,1,0,0,0,0,0,0,0,0,1,0,0.9882626089,1.0965108013,0.4968833539,1.157662678,2.4817912047,-1.120774361,-0.7354112883,-0.0731974162
8,6,0,0,0,0,0,0,0,1,0,0,0,0,0,0,1,0,0,0,0,0.9882626089,1.0965108013,0.4968833539,1.157662678,1.4484887891,1.1467341268,0.4925053284,21.5514106741
4,4,0,0,0,0,0,0,0,1,0,0,0,0,0,0,1,0,0,0,0,0.9882626089,1.0965108013,0.4968833539,1.157662678,0.4668514943,1.2693021531,0.4925053284,2.6298785951
4,3,0,0,0,0,0,0,0,1,0,0,0,0,0,0,1,0,0,0,0,0.9882626089,1.0965108013,0.4968833539,1.157662678,0.4668514943,1.2693021531,0.4925053284,2.6298785951
2,4,0,0,0,0,0,0,0,1,0,0,0,0,0,0,1,0,0,0,0,0.9882626089,1.0965108013,0.4968833539,1.157662678,0.311856132,1.5144382059,0.4925053284,1.2783405895
8,6,0,0,0,0,0,0,1,0,0,0,0,0,0,0,0,0,0,0,1,0.698413357,0.4454211781,0.5690415141,2.4078060127,1.7757012207,-0.8756383083,0.4925053284,-0.0731974162
1,5,0,0,0,0,0,0,0,0,1,0,0,0,0,0,0,0,0,1,0,0.698413357,0.4454211781,0.5690415141,2.4078060127,1.7240360999,-0.9369223215,0.4925053284,-0.0731974162
4,3,0,0,0,0,0,0,1,0,0,0,0,0,0,0,0,1,0,0,0,0.0643681184,0.8170262868,0.7919658861,0.2365044315,1.3451585476,-0.5692182424,-1.2377408133,-0.0731974162
6,3,0,0,0,0,0,0,0,0,1,0,0,0,0,0,0,0,0,1,0,0.0643681184,0.8747968289,0.8250215796,-0.4214657447,-0.0670214204,1.7595742586,2.5018234284,-0.0731974162
9,9,0,0,0,0,0,0,1,0,0,0,0,0,0,0,0,1,0,0,0,0.0643681184,0.8747968289,0.8250215796,-0.4214657447,1.2073848922,-0.2015141633,-0.2330817633,-0.0731974162
2,4,0,0,0,0,0,0,0,1,0,0,0,0,1,0,0,0,0,0,0,0.0643681184,0.8747968289,0.8250215796,-0.4214657447,1.2073848922,-0.2015141633,-0.2330817633,-0.0731974162
2,4,0,0,0,0,0,0,0,1,0,0,0,0,0,0,1,0,0,0,0,0.0643681184,0.8747968289,0.8250215796,-0.4214657447,0.3807429597,1.6370062323,1.9994939034,4.6571856036
6,6,0,0,0,0,0,0,0,1,0,0,0,0,0,0,0,0,0,1,0,0.0643681184,0.8747968289,0.8250215796,-0.4214657447,-0.1186865412,1.0854501136,0.7715772867,-0.0731974162
8,6,0,0,0,0,0,0,0,1,0,0,0,0,0,0,0,0,0,0,1,-1.6384962365,-0.8458285065,0.4743087339,-1.5619473833,1.5345973237,-0.5692182424,-0.7354112883,-0.0731974162
3,4,0,0,0,0,0,0,0,1,0,0,0,0,0,1,0,0,0,0,0,-1.6384962365,-0.8458285065,0.4743087339,-1.5619473833,1.5345973237,-0.7530702819,-0.7354112883,-0.0731974162
4,4,0,0,0,0,0,0,0,1,0,0,0,0,0,0,0,1,0,0,0,-1.6384962365,-0.8458285065,0.4743087339,-1.5619473833,0.5185166151,1.6370062323,0.9948348534,-0.0731974162
1,3,0,0,0,0,0,0,0,1,0,0,0,0,0,0,0,0,1,0,0,-1.6384962365,-0.8458285065,0.4743087339,-1.5619473833,0.3979646666,1.5757222191,1.4971643784,-0.0731974162
4,5,0,0,0,0,0,0,0,1,0,0,0,0,1,0,0,0,0,0,0,0.6802977788,0.5484713343,0.2691215633,0.4996925019,1.1557197714,-0.1402301501,-0.0098241966,-0.0731974162
2,5,0,0,0,0,0,0,0,1,0,0,0,0,0,0,0,0,0,0,1,-2.0189233797,-1.6842820501,-1.7787189607,-1.7374060969,-1.2208757844,-0.8143542951,0.2692477617,-0.0731974162
